IP,Country,Continent,ASN,Owner,Network,Malicious_Votes,Suspicious_Votes,Harmless_Votes,Undetected_Votes,Total_Reports,Reputation_Score,Threat_Label,Threat_Category,Regional_Registry,WHOIS_Summary,Tor_Node,Times_Submitted,Last_Analysis_Date,Threat_Severity,Data_Source,Enrichment_Breakdown
176.10.99.200,CH,EU,51395 datasource ag,Datasource AG,176.10.99.200/32,45,0,1,0,0,-3.5,malicious,malware,RIPE NCC,"ISP: Datasource AG
Domain: datasource.ch",No,1,2026-05-24,Medium,csv_import,
176.10.99.201,CH,EU,51395.0,Datasource AG,176.10.96.0/19,0,1,53,37,91,0.0,unrated,clean,RIPE NCC,"inetnum: 176.10.99.192 - 176.10.99.223
netname: Feral214Management
country: CH
admin-c: RT4480-RIPE",No,0,,Low,csv_import,
77.247.181.162,NL,EU,43350.0,NForce Entertainment B.V.,77.247.176.0/21,4,1,53,33,91,-19.0,unrated,clean,RIPE NCC,"inetnum: 77.247.181.160 - 77.247.181.175
netname: ZWIEBELFREUNDE
descr: Customer 692 / Zwiebelfreund",No,0,,Medium,csv_import,
77.247.181.163,NL,EU,43350.0,NForce Entertainment B.V.,77.247.176.0/21,2,2,55,32,91,-16.0,clean,clean,RIPE NCC,"inetnum: 77.247.181.160 - 77.247.181.175
netname: ZWIEBELFREUNDE
descr: Customer 692 / Zwiebelfreund",No,0,,Low,csv_import,
199.87.154.255,CA,Unknown,18451.0,LES.NET,199.87.152.0/21,2,0,54,35,91,-1.0,unrated,clean,ARIN,"LES.NET LESNET-V4-2 (NET-199-87-152-0-1) 199.87.152.0 - 199.87.159.255
TOR Exit Gateway LESNE (NET-1",No,0,,Low,csv_import,
108.62.14.195,US,Unknown,395954.0,"Leaseweb USA, Inc.",108.62.8.0/21,0,0,0,91,91,0.0,unrated,unrated,ARIN,"Leaseweb USA, Inc. NET-108-62-0-0-1 (NET-108-62-0-0-1) 108.62.0.0 - 108.62.255.255
LeaseWeb USA, Inc",No,0,,Low,csv_import,
185.220.101.1,DE,EU,60729.0,Stiftung Erneuerbare Freiheit,185.220.101.0/24,17,2,43,29,91,-23.0,unrated,clean,RIPE NCC,"inetnum: 185.220.101.0 - 185.220.101.31
netname: ARTIKEL10
country: DE
org: ORG-AE101-RIPE
admin-c:",Yes,0,,High,csv_import,
185.220.101.2,DE,EU,60729.0,Stiftung Erneuerbare Freiheit,185.220.101.0/24,11,4,45,31,91,-14.0,unrated,clean,RIPE NCC,"inetnum: 185.220.101.0 - 185.220.101.31
netname: ARTIKEL10
country: DE
org: ORG-AE101-RIPE
admin-c:",Yes,0,,High,csv_import,
185.220.101.3,DE,EU,60729.0,Stiftung Erneuerbare Freiheit,185.220.101.0/24,14,2,46,29,91,-16.0,unrated,malware,RIPE NCC,"inetnum: 185.220.101.0 - 185.220.101.31
netname: ARTIKEL10
country: DE
org: ORG-AE101-RIPE
admin-c:",Yes,0,,High,csv_import,
185.220.101.4,DE,EU,60729.0,Stiftung Erneuerbare Freiheit,185.220.101.0/24,12,3,46,30,91,-18.0,unrated,malware,RIPE NCC,"inetnum: 185.220.101.0 - 185.220.101.31
netname: ARTIKEL10
country: DE
org: ORG-AE101-RIPE
admin-c:",Yes,0,,High,csv_import,
185.220.101.9,DE,EU,60729.0,Stiftung Erneuerbare Freiheit,185.220.101.0/24,13,3,45,30,91,-57.0,unrated,malware,RIPE NCC,"inetnum: 185.220.101.0 - 185.220.101.31
netname: ARTIKEL10
country: DE
org: ORG-AE101-RIPE
admin-c:",Yes,0,,High,csv_import,
185.220.101.10,DE,EU,60729.0,Stiftung Erneuerbare Freiheit,185.220.101.0/24,14,2,44,31,91,-14.0,unrated,malware,RIPE NCC,"inetnum: 185.220.101.0 - 185.220.101.31
netname: ARTIKEL10
country: DE
org: ORG-AE101-RIPE
admin-c:",Yes,0,,High,csv_import,
185.220.101.11,DE,EU,60729.0,Stiftung Erneuerbare Freiheit,185.220.101.0/24,12,2,46,31,91,-16.0,unrated,clean,RIPE NCC,"inetnum: 185.220.101.0 - 185.220.101.31
netname: ARTIKEL10
country: DE
org: ORG-AE101-RIPE
admin-c:",Yes,0,,High,csv_import,
185.220.101.12,DE,EU,60729.0,Stiftung Erneuerbare Freiheit,185.220.101.0/24,13,3,45,30,91,-16.0,unrated,malware,RIPE NCC,"inetnum: 185.220.101.0 - 185.220.101.31
netname: ARTIKEL10
country: DE
org: ORG-AE101-RIPE
admin-c:",Yes,0,,High,csv_import,
185.220.101.13,DE,EU,60729.0,Stiftung Erneuerbare Freiheit,185.220.101.0/24,18,3,42,28,91,-28.0,unrated,malware,RIPE NCC,"inetnum: 185.220.101.0 - 185.220.101.31
netname: ARTIKEL10
country: DE
org: ORG-AE101-RIPE
admin-c:",Yes,0,,High,csv_import,
185.220.101.14,DE,EU,60729.0,Stiftung Erneuerbare Freiheit,185.220.101.0/24,12,4,45,30,91,-26.0,unrated,clean,RIPE NCC,"inetnum: 185.220.101.0 - 185.220.101.31
netname: ARTIKEL10
country: DE
org: ORG-AE101-RIPE
admin-c:",Yes,0,,High,csv_import,
91.240.118.172,HK,AS,Unknown,Unknown,Unknown,11,1,47,32,91,-1.0,malware,clean,APNIC,"inetnum: 91.0.0.0 - 91.255.255.255
netname: RIPE-CIDR-BLOCK
descr: Not allocated by APNIC
remarks: -",No,0,,High,csv_import,
91.240.118.173,HK,AS,Unknown,Unknown,Unknown,2,0,54,35,91,0.0,unrated,clean,APNIC,"inetnum: 91.0.0.0 - 91.255.255.255
netname: RIPE-CIDR-BLOCK
descr: Not allocated by APNIC
remarks: -",No,0,,Low,csv_import,
91.240.118.174,HK,AS,Unknown,Unknown,Unknown,5,0,48,38,91,-1.0,unrated,clean,APNIC,"inetnum: 91.0.0.0 - 91.255.255.255
netname: RIPE-CIDR-BLOCK
descr: Not allocated by APNIC
remarks: -",No,0,,Medium,csv_import,
91.240.118.175,HK,AS,Unknown,Unknown,Unknown,2,1,53,35,91,0.0,unrated,clean,APNIC,"inetnum: 91.0.0.0 - 91.255.255.255
netname: RIPE-CIDR-BLOCK
descr: Not allocated by APNIC
remarks: -",No,0,,Low,csv_import,
194.165.16.77,MC,EU,48721.0,Flyservers S.A.,194.165.16.0/23,1,0,54,36,91,-3.0,unrated,clean,RIPE NCC,"inetnum: 194.165.16.0 - 194.165.17.255
netname: PA-FLYSERVERS
country: EU
org: ORG-FS255-RIPE
admin-",No,0,,Low,csv_import,
194.165.16.78,MC,EU,48721.0,Flyservers S.A.,194.165.16.0/23,9,0,47,35,91,-4.0,malware,clean,RIPE NCC,"inetnum: 194.165.16.0 - 194.165.17.255
netname: PA-FLYSERVERS
country: EU
org: ORG-FS255-RIPE
admin-",No,0,,Medium,csv_import,
194.165.16.79,MC,EU,48721.0,Flyservers S.A.,194.165.16.0/23,3,0,52,36,91,0.0,unrated,malware,RIPE NCC,"inetnum: 194.165.16.0 - 194.165.17.255
netname: PA-FLYSERVERS
country: EU
org: ORG-FS255-RIPE
admin-",No,0,,Low,csv_import,
194.165.16.80,MC,EU,48721.0,Flyservers S.A.,194.165.16.0/23,5,0,51,35,91,0.0,unrated,malware,RIPE NCC,"inetnum: 194.165.16.0 - 194.165.17.255
netname: PA-FLYSERVERS
country: EU
org: ORG-FS255-RIPE
admin-",No,0,,Medium,csv_import,
45.142.212.100,MD,EU,209847.0,WorkTitans B.V.,45.142.212.0/22,8,1,52,30,91,0.0,malware,malware,RIPE NCC,"inetnum: 45.142.212.0 - 45.142.212.255
netname: THEHOSTING
country: MD
admin-c: THMC1-RIPE
tech-c: T",No,0,,Medium,csv_import,
45.142.212.101,MD,EU,209847.0,WorkTitans B.V.,45.142.212.0/22,0,0,55,36,91,0.0,unrated,clean,RIPE NCC,"inetnum: 45.142.212.0 - 45.142.212.255
netname: STARK
country: MD
org: ORG-SISL19-RIPE
admin-c: SICK",No,0,,Low,csv_import,
45.142.212.102,MD,EU,209847.0,WorkTitans B.V.,45.142.212.0/22,0,0,0,91,91,0.0,unrated,unrated,RIPE NCC,"NetRange: 45.128.0.0 - 45.159.255.255
CIDR: 45.128.0.0/11
NetName: RIPE
NetHandle: NET-45-128-0-0-1",No,0,,Low,csv_import,
45.142.212.103,MD,EU,209847.0,WorkTitans B.V.,45.142.212.0/22,0,0,0,91,91,0.0,unrated,unrated,RIPE NCC,"inetnum: 45.142.212.0 - 45.142.212.255
netname: STARK
country: MD
org: ORG-SISL19-RIPE
admin-c: SICK",No,0,,Low,csv_import,
193.203.203.67,CA,Unknown,53363.0,TANGRAM CANADA INC.,193.203.203.0/24,7,1,46,37,91,0.0,unrated,clean,ARIN,"NetRange: 193.0.0.0 - 193.255.255.255
CIDR: 193.0.0.0/8
NetName: RIPE-CBLK
NetHandle: NET-193-0-0-0-",No,0,,Medium,csv_import,
193.203.203.68,CA,Unknown,53363.0,TANGRAM CANADA INC.,193.203.203.0/24,0,0,0,91,91,0.0,unrated,unrated,ARIN,"NetRange: 193.0.0.0 - 193.255.255.255
CIDR: 193.0.0.0/8
NetName: RIPE-CBLK
NetHandle: NET-193-0-0-0-",No,0,,Low,csv_import,
193.203.203.69,CA,Unknown,53363.0,TANGRAM CANADA INC.,193.203.203.0/24,0,0,0,91,91,0.0,unrated,unrated,ARIN,"NetRange: 193.0.0.0 - 193.255.255.255
CIDR: 193.0.0.0/8
NetName: RIPE-CBLK
NetHandle: NET-193-0-0-0-",No,0,,Low,csv_import,
193.203.203.70,CA,Unknown,53363.0,TANGRAM CANADA INC.,193.203.203.0/24,0,0,0,91,91,0.0,unrated,unrated,ARIN,"NetRange: 193.0.0.0 - 193.255.255.255
CIDR: 193.0.0.0/8
NetName: RIPE-CBLK
NetHandle: NET-193-0-0-0-",No,0,,Low,csv_import,
31.13.195.56,BG,EU,34224.0,Neterra Ltd.,31.13.195.0/24,1,0,53,37,91,0.0,unrated,clean,RIPE NCC,"inetnum: 31.13.195.0 - 31.13.195.127
netname: NETERRA-VPSBG-NET
descr: VPS.BG IP PA Space
country: B",No,0,,Low,csv_import,
31.13.195.57,BG,EU,34224.0,Neterra Ltd.,31.13.195.0/24,0,0,54,37,91,0.0,unrated,clean,RIPE NCC,"inetnum: 31.13.195.0 - 31.13.195.127
netname: NETERRA-VPSBG-NET
descr: VPS.BG IP PA Space
country: B",No,0,,Low,csv_import,
31.13.195.58,BG,EU,34224.0,Neterra Ltd.,31.13.195.0/24,0,1,53,37,91,0.0,unrated,clean,RIPE NCC,"inetnum: 31.13.195.0 - 31.13.195.127
netname: NETERRA-VPSBG-NET
descr: VPS.BG IP PA Space
country: B",No,0,,Low,csv_import,
31.13.195.59,BG,EU,34224.0,Neterra Ltd.,31.13.195.0/24,0,0,0,91,91,0.0,unrated,unrated,RIPE NCC,"NetRange: 31.0.0.0 - 31.255.255.255
CIDR: 31.0.0.0/8
NetName: RIPE-31
NetHandle: NET-31-0-0-0-1
Pare",No,0,,Low,csv_import,
185.243.115.200,DE,EU,48314.0,IP-Projects GmbH & Co. KG,185.243.114.0/23,0,0,0,91,91,0.0,unrated,unrated,RIPE NCC,Unknown,No,0,,Low,csv_import,
185.243.115.201,DE,EU,48314.0,IP-Projects GmbH & Co. KG,185.243.114.0/23,0,0,0,91,91,0.0,unrated,unrated,RIPE NCC,"NetRange: 185.0.0.0 - 185.255.255.255
CIDR: 185.0.0.0/8
NetName: RIPE-185
NetHandle: NET-185-0-0-0-1",No,0,,Low,csv_import,
185.243.115.202,DE,EU,48314.0,IP-Projects GmbH & Co. KG,185.243.114.0/23,0,0,0,91,91,0.0,unrated,unrated,RIPE NCC,"inetnum: 185.243.115.0 - 185.243.115.255
netname: CrownCloud
descr: CrownCloud
country: DE
org: ORG-",No,0,,Low,csv_import,
185.243.115.203,DE,EU,48314.0,IP-Projects GmbH & Co. KG,185.243.114.0/23,0,0,55,36,91,0.0,unrated,clean,RIPE NCC,"inetnum: 185.243.115.0 - 185.243.115.255
netname: CrownCloud
descr: CrownCloud
country: DE
org: ORG-",No,0,,Low,csv_import,
5.188.206.14,BG,EU,200391.0,Krez 999 Eood,5.188.206.0/24,2,1,52,36,91,-3.0,unrated,malware,RIPE NCC,"inetnum: 5.188.206.0 - 5.188.206.255
netname: TAIL-NET
descr: VPS and Shared Hosting
country: EU
org",No,0,,Low,csv_import,
5.188.206.15,BG,EU,200391.0,Krez 999 Eood,5.188.206.0/24,1,0,0,90,91,0.0,unrated,unrated,RIPE NCC,"inetnum: 5.188.206.0 - 5.188.206.255
netname: TAIL-NET
descr: VPS and Shared Hosting
country: EU
org",No,0,,Low,csv_import,
5.188.206.16,BG,EU,200391.0,Krez 999 Eood,5.188.206.0/24,1,0,53,37,91,0.0,unrated,clean,RIPE NCC,"inetnum: 5.188.206.0 - 5.188.206.255
netname: TAIL-NET
descr: VPS and Shared Hosting
country: EU
org",No,0,,Low,csv_import,
5.188.206.17,BG,EU,200391.0,Krez 999 Eood,5.188.206.0/24,1,0,0,90,91,0.0,unrated,unrated,RIPE NCC,"inetnum: 5.188.206.0 - 5.188.206.255
netname: TAIL-NET
descr: VPS and Shared Hosting
country: EU
org",No,0,,Low,csv_import,
179.43.141.120,CH,EU,51852.0,Private Layer INC,179.43.128.0/18,0,0,0,91,91,0.0,unrated,unrated,RIPE NCC,"inetnum: 179.0.0.0 - 179.61.127.255
netname: NON-RIPE-NCC-MANAGED-ADDRESS-BLOCK
descr: IPv4 address",No,0,,Low,csv_import,
179.43.141.121,CH,EU,51852.0,Private Layer INC,179.43.128.0/18,0,0,0,91,91,0.0,unrated,unrated,RIPE NCC,"NetHandle: NET-179-0-0-0-1
NetType: Allocated to LACNIC
Organization: Latin American and Caribbean I",No,0,,Low,csv_import,
179.43.141.122,CH,EU,51852.0,Private Layer INC,179.43.128.0/18,0,0,54,37,91,0.0,unrated,clean,RIPE NCC,"inetnum: 179.0.0.0 - 179.61.127.255
netname: NON-RIPE-NCC-MANAGED-ADDRESS-BLOCK
descr: IPv4 address",No,0,,Low,csv_import,
179.43.141.123,CH,EU,51852.0,Private Layer INC,179.43.128.0/18,0,0,0,91,91,0.0,unrated,unrated,RIPE NCC,"inetnum: 179.0.0.0 - 179.61.127.255
netname: NON-RIPE-NCC-MANAGED-ADDRESS-BLOCK
descr: IPv4 address",No,0,,Low,csv_import,
158.247.210.58,KR,AS,20473.0,"The Constant Company, LLC",158.247.192.0/18,9,3,47,32,91,0.0,unrated,malware,APNIC,"inetnum: 158.247.192.0 - 158.247.255.255
netname: CONSTANT-AP
descr: The Constant Company, LLC
count",No,0,,Medium,csv_import,
158.247.210.59,KR,AS,20473.0,"The Constant Company, LLC",158.247.192.0/18,0,0,0,91,91,0.0,unrated,unrated,APNIC,"inetnum: 158.247.192.0 - 158.247.255.255
netname: CONSTANT-AP
descr: The Constant Company, LLC
count",No,0,,Low,csv_import,
158.247.210.60,KR,AS,20473.0,"The Constant Company, LLC",158.247.192.0/18,0,0,0,91,91,0.0,unrated,unrated,APNIC,"inetnum: 158.247.192.0 - 158.247.255.255
netname: CONSTANT-AP
descr: The Constant Company, LLC
count",No,0,,Low,csv_import,
158.247.210.61,KR,AS,20473.0,"The Constant Company, LLC",158.247.192.0/18,0,0,0,91,91,0.0,unrated,unrated,APNIC,"inetnum: 158.247.192.0 - 158.247.255.255
netname: CONSTANT-AP
descr: The Constant Company, LLC
count",No,0,,Low,csv_import,
45.33.49.119,US,Unknown,63949.0,Akamai Connected Cloud,45.33.0.0/17,0,0,56,35,91,1.0,clean,clean,ARIN,"Akamai Technologies, Inc. LINODE-US (NET-45-33-0-0-1) 45.33.0.0 - 45.33.127.255
Linode LINODE (NET-4",No,0,,Low,csv_import,
45.33.49.120,US,Unknown,63949.0,Akamai Connected Cloud,45.33.0.0/17,0,0,0,91,91,0.0,unrated,unrated,ARIN,No match found for linodeusercontent.com.,No,0,,Low,csv_import,
45.33.49.121,US,Unknown,63949.0,Akamai Connected Cloud,45.33.0.0/17,0,0,0,91,91,0.0,unrated,unrated,ARIN,"NetRange: 45.33.0.0 - 45.33.127.255
CIDR: 45.33.0.0/17
NetName: LINODE-US
NetHandle: NET-45-33-0-0-1",No,0,,Low,csv_import,
45.33.49.122,US,Unknown,63949.0,Akamai Connected Cloud,45.33.0.0/17,0,0,0,91,91,0.0,unrated,unrated,ARIN,"Domain Name: LINODE.COM
 Registry Domain ID: 94382922_DOMAIN_COM-VRSN
 Registrar WHOIS Server: wh",No,0,,Low,csv_import,
185.159.82.100,RU,EU,14576.0,Hosting Solution Ltd.,185.159.80.0/22,2,0,53,36,91,0.0,unrated,clean,RIPE NCC,"inetnum: 185.159.82.0 - 185.159.82.255
netname: King-Servers
country: RU
geofeed: https://kingserver",No,0,,Low,csv_import,
185.159.82.101,RU,EU,14576.0,Hosting Solution Ltd.,185.159.80.0/22,0,0,1,90,91,0.0,unrated,unrated,RIPE NCC,"NetRange: 185.0.0.0 - 185.255.255.255
CIDR: 185.0.0.0/8
NetName: RIPE-185
NetHandle: NET-185-0-0-0-1",No,0,,Low,csv_import,
185.159.82.102,RU,EU,14576.0,Hosting Solution Ltd.,185.159.80.0/22,0,0,0,91,91,0.0,unrated,unrated,RIPE NCC,"Domain Name: emaillyr.club
Registry Domain ID: DBD82C6B933D84F1D8A9D6020D8353D6C-NSR
Registrar WHOIS",No,0,,Low,csv_import,
185.159.82.103,RU,EU,14576.0,Hosting Solution Ltd.,185.159.80.0/22,1,0,54,36,91,0.0,unrated,clean,RIPE NCC,"inetnum: 185.159.82.0 - 185.159.82.255
netname: King-Servers
country: RU
geofeed: https://kingserver",No,0,,Low,csv_import,
95.179.130.100,NL,EU,20473.0,"The Constant Company, LLC",95.179.128.0/17,0,0,0,91,91,0.0,unrated,unrated,RIPE NCC,"inetnum: 95.179.130.0 - 95.179.131.255
created: 2018-05-15T19:00:06Z
last-modified: 2018-05-15T19:00",No,0,,Low,csv_import,
95.179.130.101,NL,EU,20473.0,"The Constant Company, LLC",95.179.128.0/17,0,0,0,91,91,0.0,unrated,unrated,RIPE NCC,"Domain Name: VULTR.COM
 Registry Domain ID: 1523015927_DOMAIN_COM-VRSN
 Registrar WHOIS Server: w",No,0,,Low,csv_import,
95.179.130.102,NL,EU,20473.0,"The Constant Company, LLC",95.179.128.0/17,0,0,0,91,91,0.0,unrated,unrated,RIPE NCC,"inetnum: 95.179.130.0 - 95.179.131.255
created: 2018-05-15T19:00:06Z
last-modified: 2018-05-15T19:00",No,0,,Low,csv_import,
95.179.130.103,NL,EU,20473.0,"The Constant Company, LLC",95.179.128.0/17,0,0,0,91,91,0.0,unrated,unrated,RIPE NCC,"inetnum: 95.179.130.0 - 95.179.131.255
created: 2018-05-15T19:00:06Z
last-modified: 2018-05-15T19:00",No,0,,Low,csv_import,
104.21.14.101,Unknown,Unknown,13335.0,"Cloudflare, Inc.",104.21.0.0/17,0,0,57,34,91,0.0,unrated,clean,Unknown,"NetRange: 104.16.0.0 - 104.31.255.255
CIDR: 104.16.0.0/12
NetName: CLOUDFLARENET
NetHandle: NET-104-",No,0,,Low,csv_import,
104.21.14.102,Unknown,Unknown,13335.0,"Cloudflare, Inc.",104.21.0.0/17,0,0,57,34,91,0.0,unrated,clean,Unknown,"NetRange: 104.16.0.0 - 104.31.255.255
CIDR: 104.16.0.0/12
NetName: CLOUDFLARENET
NetHandle: NET-104-",No,0,,Low,csv_import,
104.21.14.103,Unknown,Unknown,13335.0,"Cloudflare, Inc.",104.21.0.0/17,0,0,0,91,91,0.0,unrated,unrated,Unknown,"NetRange: 104.16.0.0 - 104.31.255.255
CIDR: 104.16.0.0/12
NetName: CLOUDFLARENET
NetHandle: NET-104-",No,0,,Low,csv_import,
104.21.14.104,Unknown,Unknown,13335.0,"Cloudflare, Inc.",104.21.0.0/17,0,0,57,34,91,0.0,unrated,clean,Unknown,"NetRange: 104.16.0.0 - 104.31.255.255
CIDR: 104.16.0.0/12
NetName: CLOUDFLARENET
NetHandle: NET-104-",No,0,,Low,csv_import,
172.67.182.131,Unknown,Unknown,13335.0,"Cloudflare, Inc.",172.67.128.0/17,0,0,56,35,91,0.0,unrated,clean,Unknown,"NetRange: 172.64.0.0 - 172.71.255.255
CIDR: 172.64.0.0/13
NetName: CLOUDFLARENET
NetHandle: NET-172-",No,0,,Low,csv_import,
172.67.182.132,Unknown,Unknown,13335.0,"Cloudflare, Inc.",172.67.128.0/17,0,0,56,35,91,0.0,unrated,clean,Unknown,"NetRange: 172.64.0.0 - 172.71.255.255
CIDR: 172.64.0.0/13
NetName: CLOUDFLARENET
NetHandle: NET-172-",No,0,,Low,csv_import,
172.67.182.133,Unknown,Unknown,13335.0,"Cloudflare, Inc.",172.67.128.0/17,0,0,56,35,91,0.0,unrated,clean,Unknown,"NetRange: 172.64.0.0 - 172.71.255.255
CIDR: 172.64.0.0/13
NetName: CLOUDFLARENET
NetHandle: NET-172-",No,0,,Low,csv_import,
172.67.182.134,Unknown,Unknown,13335.0,"Cloudflare, Inc.",172.67.128.0/17,0,0,56,35,91,-1.0,unrated,clean,Unknown,"NetRange: 172.64.0.0 - 172.71.255.255
CIDR: 172.64.0.0/13
NetName: CLOUDFLARENET
NetHandle: NET-172-",No,0,,Low,csv_import,
104.21.55.201,Unknown,Unknown,13335.0,"Cloudflare, Inc.",104.21.0.0/17,0,0,57,34,91,0.0,unrated,clean,Unknown,"NetRange: 104.16.0.0 - 104.31.255.255
CIDR: 104.16.0.0/12
NetName: CLOUDFLARENET
NetHandle: NET-104-",No,0,,Low,csv_import,
104.21.55.202,Unknown,Unknown,13335.0,"Cloudflare, Inc.",104.21.0.0/17,0,0,55,36,91,0.0,unrated,clean,Unknown,"NetRange: 104.16.0.0 - 104.31.255.255
CIDR: 104.16.0.0/12
NetName: CLOUDFLARENET
NetHandle: NET-104-",No,0,,Low,csv_import,
104.21.55.203,Unknown,Unknown,13335.0,"Cloudflare, Inc.",104.21.0.0/17,0,0,56,35,91,0.0,unrated,clean,Unknown,"NetRange: 104.16.0.0 - 104.31.255.255
CIDR: 104.16.0.0/12
NetName: CLOUDFLARENET
NetHandle: NET-104-",No,0,,Low,csv_import,
104.21.55.204,Unknown,Unknown,13335.0,"Cloudflare, Inc.",104.21.0.0/17,0,0,55,36,91,0.0,unrated,clean,Unknown,"NetRange: 104.16.0.0 - 104.31.255.255
CIDR: 104.16.0.0/12
NetName: CLOUDFLARENET
NetHandle: NET-104-",No,0,,Low,csv_import,
172.67.200.101,Unknown,Unknown,13335.0,"Cloudflare, Inc.",172.67.128.0/17,0,0,55,36,91,0.0,unrated,clean,Unknown,"NetRange: 172.64.0.0 - 172.71.255.255
CIDR: 172.64.0.0/13
NetName: CLOUDFLARENET
NetHandle: NET-172-",No,0,,Low,csv_import,
172.67.200.102,Unknown,Unknown,13335.0,"Cloudflare, Inc.",172.67.128.0/17,0,1,55,35,91,0.0,unrated,clean,Unknown,"NetRange: 172.64.0.0 - 172.71.255.255
CIDR: 172.64.0.0/13
NetName: CLOUDFLARENET
NetHandle: NET-172-",No,0,,Low,csv_import,
172.67.200.103,Unknown,Unknown,13335.0,"Cloudflare, Inc.",172.67.128.0/17,0,0,55,36,91,0.0,unrated,clean,Unknown,"NetRange: 172.64.0.0 - 172.71.255.255
CIDR: 172.64.0.0/13
NetName: CLOUDFLARENET
NetHandle: NET-172-",No,0,,Low,csv_import,
172.67.200.104,Unknown,Unknown,13335.0,"Cloudflare, Inc.",172.67.128.0/17,0,0,54,37,91,0.0,unrated,clean,Unknown,"NetRange: 172.64.0.0 - 172.71.255.255
CIDR: 172.64.0.0/13
NetName: CLOUDFLARENET
NetHandle: NET-172-",No,0,,Low,csv_import,
5.34.180.100,NL,EU,21100.0,Green Floid LLC,5.34.180.0/23,0,0,0,91,91,0.0,unrated,unrated,RIPE NCC,"inetnum: 5.34.180.0 - 5.34.181.255
netname: ITL-DC2
remarks: Geofeed https://itldc.com/ipgeo.csv
des",No,0,,Low,csv_import,
5.34.180.101,NL,EU,21100.0,Green Floid LLC,5.34.180.0/23,0,0,0,91,91,0.0,unrated,unrated,RIPE NCC,Unknown,No,0,,Low,csv_import,
5.34.180.102,NL,EU,21100.0,Green Floid LLC,5.34.180.0/23,0,0,0,91,91,0.0,unrated,unrated,RIPE NCC,"inetnum: 5.34.180.0 - 5.34.181.255
netname: ITL-DC2
remarks: Geofeed https://itldc.com/ipgeo.csv
des",No,0,,Low,csv_import,
5.34.180.103,NL,EU,21100.0,Green Floid LLC,5.34.180.0/23,0,0,0,91,91,0.0,unrated,unrated,RIPE NCC,"inet-rtr: Example.com
local-as: As15133
ifaddr: 93.184.216.34 masklen 0
ifaddr: 192.0.2.1 masklen 0",No,0,,Low,csv_import,
93.174.93.100,NL,EU,202425.0,IP Volume inc,93.174.88.0/21,0,1,55,35,91,0.0,unrated,clean,RIPE NCC,"inetnum: 93.174.93.0 - 93.174.93.255
netname: NET-3-93
descr: IPV NETBLOCK
country: NL
geoloc: 52.37",No,0,,Low,csv_import,
93.174.93.101,NL,EU,202425.0,IP Volume inc,93.174.88.0/21,0,0,54,37,91,0.0,unrated,clean,RIPE NCC,"inetnum: 93.174.93.0 - 93.174.93.255
netname: NET-3-93
descr: IPV NETBLOCK
country: NL
geoloc: 52.37",No,0,,Low,csv_import,
93.174.93.102,NL,EU,202425.0,IP Volume inc,93.174.88.0/21,0,1,57,33,91,0.0,clean,clean,RIPE NCC,"inetnum: 93.174.93.0 - 93.174.93.255
netname: NET-3-93
descr: IPV NETBLOCK
country: NL
geoloc: 52.37",No,0,,Low,csv_import,
93.174.93.103,NL,EU,202425.0,IP Volume inc,93.174.88.0/21,5,1,49,36,91,0.0,unrated,clean,RIPE NCC,"inetnum: 93.174.93.0 - 93.174.93.255
netname: NET-3-93
descr: IPV NETBLOCK
country: NL
geoloc: 52.37",No,0,,Medium,csv_import,
46.166.161.100,LT,EU,16125.0,UAB Cherry Servers,46.166.160.0/20,0,0,0,91,91,0.0,unrated,unrated,RIPE NCC,"NetRange: 46.0.0.0 - 46.255.255.255
CIDR: 46.0.0.0/8
NetName: 46-RIPE
NetHandle: NET-46-0-0-0-0
Pare",No,0,,Low,csv_import,
46.166.161.101,LT,EU,16125.0,UAB Cherry Servers,46.166.160.0/20,0,0,0,91,91,0.0,unrated,unrated,RIPE NCC,"NetRange: 46.0.0.0 - 46.255.255.255
CIDR: 46.0.0.0/8
NetName: 46-RIPE
NetHandle: NET-46-0-0-0-0
Pare",No,0,,Low,csv_import,
46.166.161.102,LT,EU,16125.0,UAB Cherry Servers,46.166.160.0/20,0,0,0,91,91,0.0,unrated,unrated,RIPE NCC,"inetnum: 46.166.161.0 - 46.166.161.255
netname: BALTICSERVERS-LT-DEDICATED
descr: Dedicated servers",No,0,,Low,csv_import,
46.166.161.103,LT,EU,16125.0,UAB Cherry Servers,46.166.160.0/20,0,1,54,36,91,0.0,unrated,clean,RIPE NCC,"inetnum: 46.166.161.0 - 46.166.161.255
netname: BALTICSERVERS-LT-DEDICATED
descr: Dedicated servers",No,0,,Low,csv_import,
185.56.80.100,SC,AF,Unknown,Unknown,Unknown,0,0,0,91,91,0.0,unrated,unrated,AFRINIC,Unknown,No,0,,Low,csv_import,
185.56.80.101,SC,AF,Unknown,Unknown,Unknown,1,0,54,36,91,0.0,unrated,clean,AFRINIC,"inetnum: 0.0.0.0 - 255.255.255.255
netname: IANA-BLK
descr: The whole IPv4 address space
country: EU",No,0,,Low,csv_import,
185.56.80.102,SC,AF,Unknown,Unknown,Unknown,0,0,0,91,91,0.0,unrated,unrated,AFRINIC,Unknown,No,0,,Low,csv_import,
185.56.80.103,SC,AF,Unknown,Unknown,Unknown,0,0,39,52,91,0.0,unrated,clean,AFRINIC,"inetnum: 0.0.0.0 - 255.255.255.255
netname: IANA-BLK
descr: The whole IPv4 address space
country: EU",No,0,,Low,csv_import,
51.15.100.200,NL,EU,12876.0,Scaleway SAS,51.15.0.0/16,0,0,0,91,91,0.0,unrated,unrated,RIPE NCC,Unknown,No,0,,Low,csv_import,
51.15.100.201,NL,EU,12876.0,Scaleway SAS,51.15.0.0/16,0,0,0,91,91,0.0,unrated,unrated,RIPE NCC,"Domain Name: scw.cloud
Registry Domain ID: D4178AD43A50F403AA05460D214760C97-NSR
Registrar WHOIS S",No,0,,Low,csv_import,
51.15.100.202,NL,EU,12876.0,Scaleway SAS,51.15.0.0/16,0,0,0,91,91,0.0,unrated,unrated,RIPE NCC,"Domain Name: scw.cloud
Registry Domain ID: D4178AD43A50F403AA05460D214760C97-NSR
Registrar WHOIS S",No,0,,Low,csv_import,
51.15.100.203,NL,EU,12876.0,Scaleway SAS,51.15.0.0/16,0,0,54,37,91,0.0,unrated,clean,RIPE NCC,"inetnum: 51.15.0.0 - 51.15.127.255
netname: SCALEWAY-AMS
descr: Scaleway - Amsterdam, Netherlands
st",No,0,,Low,csv_import,
163.172.100.10,FR,EU,12876.0,Scaleway SAS,163.172.0.0/16,0,0,0,91,91,0.0,unrated,unrated,RIPE NCC,"Domain Name: AUXILIA-FR.COM
 Registry Domain ID: 119189505_DOMAIN_COM-VRSN
 Registrar WHOIS Serve",No,0,,Low,csv_import,
163.172.100.11,FR,EU,12876.0,Scaleway SAS,163.172.0.0/16,0,0,0,91,91,0.0,unrated,unrated,RIPE NCC,"inetnum: 163.172.0.0 - 163.172.255.255
status: LEGACY
mnt-routes: MNT-TISCALIFR
org: ORG-ONLI1-RIPE",No,0,,Low,csv_import,
163.172.100.12,FR,EU,12876.0,Scaleway SAS,163.172.0.0/16,0,0,39,52,91,0.0,unrated,clean,RIPE NCC,"Domain: poneytelecom.eu
Script: LATIN
Registrant:
 NOT DISCLOSED!
 Visit www.eurid.eu for webbased W",No,0,,Low,csv_import,
163.172.100.13,FR,EU,12876.0,Scaleway SAS,163.172.0.0/16,0,0,55,36,91,0.0,clean,clean,RIPE NCC,"inetnum: 163.172.0.0 - 163.172.255.255
status: LEGACY
mnt-routes: MNT-TISCALIFR
org: ORG-ONLI1-RIPE",No,0,,Low,csv_import,
212.47.230.100,FR,EU,12876.0,Scaleway SAS,212.47.224.0/19,0,0,55,36,91,0.0,unrated,clean,RIPE NCC,"inetnum: 212.47.224.0 - 212.47.239.255
org: ORG-ONLI1-RIPE
netname: SCALEWAY-PAR1
descr: Scaleway fr",No,0,,Low,csv_import,
212.47.230.101,FR,EU,12876.0,Scaleway SAS,212.47.224.0/19,0,0,0,91,91,0.0,unrated,unrated,RIPE NCC,"NetRange: 212.0.0.0 - 212.255.255.255
CIDR: 212.0.0.0/8
NetName: RIPE-NCC-212
NetHandle: NET-212-0-0",No,0,,Low,csv_import,
212.47.230.102,FR,EU,12876.0,Scaleway SAS,212.47.224.0/19,0,0,0,91,91,0.0,unrated,unrated,RIPE NCC,"inetnum: 212.47.224.0 - 212.47.239.255
org: ORG-ONLI1-RIPE
netname: SCALEWAY-PAR1
descr: Scaleway fr",No,0,,Low,csv_import,
212.47.230.103,FR,EU,12876.0,Scaleway SAS,212.47.224.0/19,0,0,0,91,91,0.0,unrated,unrated,RIPE NCC,"inetnum: 212.47.224.0 - 212.47.239.255
org: ORG-ONLI1-RIPE
netname: SCALEWAY-PAR1
descr: Scaleway fr",No,0,,Low,csv_import,
195.154.100.50,FR,EU,12876.0,Scaleway SAS,195.154.0.0/16,0,0,0,91,91,0.0,unrated,unrated,RIPE NCC,"inetnum: 195.154.0.0 - 195.154.127.255
org: ORG-ONLI1-RIPE
netname: SCALEWAY
descr: Scaleway
remarks",No,0,,Low,csv_import,
195.154.100.51,FR,EU,12876.0,Scaleway SAS,195.154.0.0/16,0,0,0,91,91,0.0,unrated,unrated,RIPE NCC,"inetnum: 195.154.0.0 - 195.154.127.255
org: ORG-ONLI1-RIPE
netname: SCALEWAY
descr: Scaleway
remarks",No,0,,Low,csv_import,
195.154.100.52,FR,EU,12876.0,Scaleway SAS,195.154.0.0/16,0,0,0,91,91,0.0,unrated,unrated,RIPE NCC,"NetRange: 195.0.0.0 - 195.255.255.255
CIDR: 195.0.0.0/8
NetName: RIPE-CBLK3
NetHandle: NET-195-0-0-0",No,0,,Low,csv_import,
195.154.100.53,FR,EU,12876.0,Scaleway SAS,195.154.0.0/16,0,0,0,91,91,0.0,unrated,unrated,RIPE NCC,"NetRange: 195.0.0.0 - 195.255.255.255
CIDR: 195.0.0.0/8
NetName: RIPE-CBLK3
NetHandle: NET-195-0-0-0",No,0,,Low,csv_import,
45.33.32.156,US,Unknown,63949.0,Akamai Connected Cloud,45.33.0.0/17,4,0,54,33,91,0.0,clean,clean,ARIN,"Akamai Technologies, Inc. LINODE-US (NET-45-33-0-0-1) 45.33.0.0 - 45.33.127.255
Linode LINODE (NET-4",No,0,,Medium,csv_import,
198.199.103.105,US,Unknown,14061.0,"DigitalOcean, LLC",198.199.64.0/18,0,0,0,91,91,0.0,unrated,unrated,ARIN,"NetRange: 198.199.64.0 - 198.199.127.255
CIDR: 198.199.64.0/18
NetName: DIGITALOCEAN-198-199-64-0
Ne",No,0,,Low,csv_import,
104.131.0.69,US,Unknown,14061.0,"DigitalOcean, LLC",104.131.0.0/16,1,0,56,34,91,0.0,unrated,clean,ARIN,"NetRange: 104.131.0.0 - 104.131.255.255
CIDR: 104.131.0.0/16
NetName: DIGITALOCEAN-104-131-0-0
NetHa",No,0,,Low,csv_import,
192.241.235.82,US,Unknown,14061.0,"DigitalOcean, LLC",192.241.128.0/17,0,0,0,91,91,0.0,unrated,unrated,ARIN,"NetRange: 192.241.128.0 - 192.241.255.255
CIDR: 192.241.128.0/17
NetName: DIGITALOCEAN-192-241-128-0",No,0,,Low,csv_import,
198.199.119.161,US,Unknown,14061.0,"DigitalOcean, LLC",198.199.64.0/18,0,0,0,91,91,0.0,unrated,unrated,ARIN,"NetRange: 198.199.64.0 - 198.199.127.255
CIDR: 198.199.64.0/18
NetName: DIGITALOCEAN-198-199-64-0
Ne",No,0,,Low,csv_import,
162.243.140.240,US,Unknown,14061.0,"DigitalOcean, LLC",162.243.128.0/19,0,0,0,91,91,0.0,unrated,unrated,ARIN,No match found for edge.app.,No,0,,Low,csv_import,
198.199.12.221,US,Unknown,Unknown,Unknown,Unknown,0,0,0,91,91,0.0,unrated,unrated,ARIN,"NetRange: 198.199.8.0 - 198.199.13.255
CIDR: 198.199.8.0/22, 198.199.12.0/23
NetName: NETBLK-V22EMD",No,0,,Low,csv_import,
198.199.122.201,US,Unknown,14061.0,"DigitalOcean, LLC",198.199.64.0/18,0,1,54,36,91,0.0,unrated,clean,ARIN,"NetRange: 198.199.64.0 - 198.199.127.255
CIDR: 198.199.64.0/18
NetName: DIGITALOCEAN-198-199-64-0
Ne",No,0,,Low,csv_import,
107.170.212.44,US,Unknown,14061.0,"DigitalOcean, LLC",107.170.0.0/16,0,0,0,91,91,0.0,unrated,unrated,ARIN,"NetHandle: NET-107-170-0-0-1
NetType: Direct Allocation
Organization: DigitalOcean, LLC (DO-13)
Upda",No,0,,Low,csv_import,
192.241.221.25,US,Unknown,14061.0,"DigitalOcean, LLC",192.241.128.0/17,0,0,0,91,91,0.0,unrated,unrated,ARIN,"NetRange: 192.241.128.0 - 192.241.255.255
CIDR: 192.241.128.0/17
NetName: DIGITALOCEAN-192-241-128-0",No,0,,Low,csv_import,
162.243.168.100,US,Unknown,14061.0,"DigitalOcean, LLC",162.243.160.0/20,0,0,56,35,91,0.0,clean,clean,ARIN,"NetRange: 162.243.0.0 - 162.243.255.255
CIDR: 162.243.0.0/16
NetName: DIGITALOCEAN-162-243-0-0
NetHa",No,0,,Low,csv_import,
104.236.100.10,US,Unknown,14061.0,"DigitalOcean, LLC",104.236.0.0/16,0,0,0,91,91,0.0,unrated,unrated,ARIN,"NetRange: 104.236.0.0 - 104.236.255.255
CIDR: 104.236.0.0/16
NetName: DIGITALOCEAN-104-236-0-0
NetHa",No,0,,Low,csv_import,
178.62.100.200,GB,EU,14061.0,"DigitalOcean, LLC",178.62.0.0/16,0,0,0,91,91,0.0,unrated,unrated,RIPE NCC,"inetnum: 178.62.0.0 - 178.62.127.255
netname: DIGITALOCEAN-LON-1
descr: DigitalOcean London
country:",No,0,,Low,csv_import,
159.203.100.50,US,Unknown,14061.0,"DigitalOcean, LLC",159.203.0.0/16,0,0,0,91,91,0.0,unrated,unrated,ARIN,"NetRange: 159.203.0.0 - 159.203.255.255
CIDR: 159.203.0.0/16
NetName: DIGITALOCEAN-159-203-0-0
NetHa",No,0,,Low,csv_import,
138.197.100.75,US,Unknown,14061.0,"DigitalOcean, LLC",138.197.0.0/17,0,0,0,91,91,0.0,unrated,unrated,ARIN,"NetRange: 138.197.0.0 - 138.197.255.255
CIDR: 138.197.0.0/16
NetName: DIGITALOCEAN-138-197-0-0
NetHa",No,0,,Low,csv_import,
206.189.100.25,NL,EU,14061.0,"DigitalOcean, LLC",206.189.0.0/16,0,1,55,35,91,0.0,unrated,clean,RIPE NCC,"inetnum: 206.168.80.0 - 206.190.219.255
netname: NON-RIPE-NCC-MANAGED-ADDRESS-BLOCK
descr: IPv4 addr",No,0,,Low,csv_import,
148.251.100.50,DE,EU,24940.0,Hetzner Online GmbH,148.251.0.0/16,0,0,0,91,91,0.0,unrated,unrated,RIPE NCC,"NetRange: 148.251.0.0 - 148.253.255.255
CIDR: 148.251.0.0/16, 148.252.0.0/15
NetName: RIPE-ERX-148-2",No,0,,Low,csv_import,
148.251.100.51,DE,EU,24940.0,Hetzner Online GmbH,148.251.0.0/16,0,0,0,91,91,0.0,unrated,unrated,RIPE NCC,"inetnum: 148.251.100.48 - 148.251.100.55
netname: HOS-132798
descr: HOS-132798
country: DE
admin-c:",No,0,,Low,csv_import,
148.251.100.52,DE,EU,24940.0,Hetzner Online GmbH,148.251.0.0/16,0,0,0,91,91,0.0,unrated,unrated,RIPE NCC,"domain: 148.in-addr.arpa
organisation: Administered by ARIN
nserver: ARIN.AUTHDNS.RIPE.NET.
nserver:",No,0,,Low,csv_import,
148.251.100.53,DE,EU,24940.0,Hetzner Online GmbH,148.251.0.0/16,0,0,0,91,91,0.0,unrated,unrated,RIPE NCC,"domain: 148.in-addr.arpa
organisation: Administered by ARIN
nserver: ARIN.AUTHDNS.RIPE.NET.
nserver:",No,0,,Low,csv_import,
78.46.100.200,DE,EU,24940.0,Hetzner Online GmbH,78.46.0.0/15,0,0,0,91,91,0.0,unrated,unrated,RIPE NCC,"inetnum: 78.46.100.0 - 78.46.103.255
netname: HETZNER-RZ-NBG-NET
descr: Hetzner Online AG
descr: Dat",No,0,,Low,csv_import,
78.46.100.201,DE,EU,24940.0,Hetzner Online GmbH,78.46.0.0/15,2,0,55,34,91,0.0,unrated,clean,RIPE NCC,"inetnum: 78.46.100.0 - 78.46.103.255
netname: HETZNER-RZ-NBG-NET
descr: Hetzner Online AG
descr: Dat",No,0,,Low,csv_import,
78.46.100.202,DE,EU,24940.0,Hetzner Online GmbH,78.46.0.0/15,0,0,0,91,91,0.0,unrated,unrated,RIPE NCC,"inetnum: 78.46.100.0 - 78.46.103.255
netname: HETZNER-RZ-NBG-NET
descr: Hetzner Online AG
descr: Dat",No,0,,Low,csv_import,
78.46.100.203,DE,EU,24940.0,Hetzner Online GmbH,78.46.0.0/15,0,0,0,91,91,0.0,unrated,unrated,RIPE NCC,"Domain: your-server.de
Nserver: ns1.your-server.de 2a01:4f8:d0a:2006:0:0:0:2 213.133.106.251
Nserver",No,0,,Low,csv_import,
136.243.100.10,DE,EU,24940.0,Hetzner Online GmbH,136.243.0.0/16,0,0,0,91,91,0.0,unrated,unrated,RIPE NCC,Unknown,No,0,,Low,csv_import,
136.243.100.11,DE,EU,24940.0,Hetzner Online GmbH,136.243.0.0/16,0,0,0,91,91,0.0,unrated,unrated,RIPE NCC,Unknown,No,0,,Low,csv_import,
136.243.100.12,DE,EU,24940.0,Hetzner Online GmbH,136.243.0.0/16,0,0,0,91,91,0.0,unrated,unrated,RIPE NCC,Unknown,No,0,,Low,csv_import,
136.243.100.13,DE,EU,24940.0,Hetzner Online GmbH,136.243.0.0/16,0,0,0,91,91,0.0,unrated,unrated,RIPE NCC,Unknown,No,0,,Low,csv_import,
5.9.100.200,DE,EU,24940.0,Hetzner Online GmbH,5.9.0.0/16,0,0,0,91,91,0.0,unrated,unrated,RIPE NCC,"NetRange: 5.0.0.0 - 5.255.255.255
CIDR: 5.0.0.0/8
NetName: RIPE-5
NetHandle: NET-5-0-0-0-1
Parent: (",No,0,,Low,csv_import,
5.9.100.201,DE,EU,24940.0,Hetzner Online GmbH,5.9.0.0/16,0,0,0,91,91,0.0,unrated,unrated,RIPE NCC,Unknown,No,0,,Low,csv_import,
5.9.100.202,DE,EU,24940.0,Hetzner Online GmbH,5.9.0.0/16,0,0,0,91,91,0.0,unrated,unrated,RIPE NCC,"Domain: your-server.de
Nserver: ns.second-ns.com
Nserver: ns1.your-server.de 213.133.106.251 2a01:4f",No,0,,Low,csv_import,
5.9.100.203,DE,EU,24940.0,Hetzner Online GmbH,5.9.0.0/16,0,0,0,91,91,0.0,unrated,unrated,RIPE NCC,"Domain: your-server.de
Nserver: ns1.your-server.de 2a01:4f8:d0a:2006:0:0:0:2 213.133.106.251
Nserver",No,0,,Low,csv_import,
89.248.167.131,NL,EU,202425.0,IP Volume inc,89.248.160.0/21,21,0,40,30,91,-85.0,unrated,malware,RIPE NCC,"inetnum: 89.248.167.0 - 89.248.167.255
netname: NET-2-167
descr: IPV NETBLOCK
country: NL
geoloc: 52",No,0,,High,csv_import,
89.248.167.132,NL,EU,202425.0,IP Volume inc,89.248.160.0/21,3,2,51,35,91,-1.0,unrated,malware,RIPE NCC,"inetnum: 89.248.167.0 - 89.248.167.255
netname: NET-2-167
descr: IPV NETBLOCK
country: NL
geoloc: 52",No,0,,Low,csv_import,
89.248.167.133,NL,EU,202425.0,IP Volume inc,89.248.160.0/21,2,1,55,33,91,-1.0,unrated,clean,RIPE NCC,"inetnum: 89.248.167.0 - 89.248.167.255
netname: NET-2-167
descr: IPV NETBLOCK
country: NL
geoloc: 52",No,0,,Low,csv_import,
89.248.167.134,NL,EU,202425.0,IP Volume inc,89.248.160.0/21,0,0,0,91,91,0.0,unrated,unrated,RIPE NCC,Unknown,No,0,,Low,csv_import,
82.221.105.6,IS,EU,50613.0,Advania Island ehf,82.221.96.0/19,1,0,57,33,91,-4.0,unrated,clean,RIPE NCC,"inetnum: 82.221.105.0 - 82.221.105.255
netname: IS-ICENETWORKS
country: IS
org: ORG-IL351-RIPE
admin",No,0,,Low,csv_import,
82.221.105.7,IS,EU,50613.0,Advania Island ehf,82.221.96.0/19,4,2,51,34,91,-6.0,unrated,clean,RIPE NCC,"inetnum: 82.221.105.0 - 82.221.105.255
netname: IS-ICENETWORKS
country: IS
org: ORG-IL351-RIPE
admin",No,0,,Medium,csv_import,
82.221.105.8,IS,EU,50613.0,Advania Island ehf,82.221.96.0/19,0,0,0,91,91,0.0,unrated,unrated,RIPE NCC,nan,No,0,,Low,csv_import,
82.221.105.9,IS,EU,50613.0,Advania Island ehf,82.221.96.0/19,0,0,0,91,91,0.0,unrated,unrated,RIPE NCC,"inetnum: 82.221.105.0 - 82.221.105.255
netname: IS-ICENETWORKS
country: IS
org: ORG-IL351-RIPE
admin",No,0,,Low,csv_import,
193.169.255.100,PL,EU,Unknown,Unknown,Unknown,0,0,0,91,91,0.0,unrated,unrated,RIPE NCC,"NetRange: 193.0.0.0 - 193.255.255.255
CIDR: 193.0.0.0/8
NetName: RIPE-CBLK
NetHandle: NET-193-0-0-0-",No,0,,Low,csv_import,
193.169.255.101,PL,EU,Unknown,Unknown,Unknown,0,0,0,91,91,0.0,unrated,unrated,RIPE NCC,"NetRange: 193.0.0.0 - 193.255.255.255
CIDR: 193.0.0.0/8
NetName: RIPE-CBLK
NetHandle: NET-193-0-0-0-",No,0,,Low,csv_import,
193.169.255.102,PL,EU,Unknown,Unknown,Unknown,0,0,0,91,91,0.0,unrated,unrated,RIPE NCC,"inetnum: 193.169.252.0 - 193.169.255.255
netname: PL-SPRINT-20180508
country: PL
org: ORG-Szo5-RIPE",Yes,0,,Low,csv_import,
193.169.255.103,PL,EU,Unknown,Unknown,Unknown,0,0,0,91,91,0.0,unrated,unrated,RIPE NCC,"NetRange: 193.0.0.0 - 193.255.255.255
CIDR: 193.0.0.0/8
NetName: RIPE-CBLK
NetHandle: NET-193-0-0-0-",No,0,,Low,csv_import,
62.210.100.50,FR,EU,12876.0,Scaleway SAS,62.210.0.0/16,0,0,0,91,91,0.0,unrated,unrated,RIPE NCC,"inetnum: 62.210.0.0 - 62.210.127.255
org: ORG-ONLI1-RIPE
netname: SCALEWAY-DEDIBOX
descr: Scaleway D",No,0,,Low,csv_import,
62.210.100.51,FR,EU,12876.0,Scaleway SAS,62.210.0.0/16,0,0,56,35,91,0.0,unrated,clean,RIPE NCC,"inetnum: 62.210.0.0 - 62.210.127.255
org: ORG-ONLI1-RIPE
netname: SCALEWAY-DEDIBOX
descr: Scaleway D",No,0,,Low,csv_import,
62.210.100.52,FR,EU,12876.0,Scaleway SAS,62.210.0.0/16,0,0,0,91,91,0.0,unrated,unrated,RIPE NCC,"inetnum: 62.210.0.0 - 62.210.127.255
org: ORG-ONLI1-RIPE
netname: SCALEWAY-DEDIBOX
descr: Scaleway D",No,0,,Low,csv_import,
62.210.100.53,FR,EU,12876.0,Scaleway SAS,62.210.0.0/16,0,0,0,91,91,0.0,unrated,unrated,RIPE NCC,"inetnum: 62.210.0.0 - 62.210.127.255
org: ORG-ONLI1-RIPE
netname: SCALEWAY-DEDIBOX
descr: Scaleway D",No,0,,Low,csv_import,
45.95.168.100,HR,EU,211619.0,MAXKO d.o.o.,45.95.168.0/23,3,0,54,34,91,0.0,unrated,clean,RIPE NCC,"inetnum: 45.95.168.0 - 45.95.168.255
org: ORG-MJ181-RIPE
netname: MAXKO
country: HR
admin-c: DF8797-",No,0,,Low,csv_import,
45.95.168.101,HR,EU,211619.0,MAXKO d.o.o.,45.95.168.0/23,0,0,0,91,91,0.0,unrated,unrated,RIPE NCC,"inetnum: 45.95.168.0 - 45.95.168.255
org: ORG-MJ181-RIPE
abuse-c: AR53781-RIPE
netname: MAXKO
countr",No,0,,Low,csv_import,
45.95.168.102,HR,EU,211619.0,MAXKO d.o.o.,45.95.168.0/23,8,1,45,37,91,0.0,unrated,malware,RIPE NCC,"inetnum: 45.95.168.0 - 45.95.168.255
org: ORG-MJ181-RIPE
netname: MAXKO
country: HR
admin-c: DF8797-",No,0,,Medium,csv_import,
45.95.168.103,HR,EU,211619.0,MAXKO d.o.o.,45.95.168.0/23,7,0,48,36,91,0.0,unrated,clean,RIPE NCC,"inetnum: 45.95.168.0 - 45.95.168.255
org: ORG-MJ181-RIPE
netname: MAXKO
country: HR
admin-c: DF8797-",No,0,,Medium,csv_import,
185.106.94.100,VG,Unknown,204339.0,First Server Limited,185.106.94.0/24,0,0,0,91,91,0.0,unrated,unrated,ARIN,Unknown,No,0,,Low,csv_import,
185.106.94.101,VG,Unknown,204339.0,First Server Limited,185.106.94.0/24,0,0,0,91,91,0.0,unrated,unrated,ARIN,"inetnum: 185.106.94.0 - 185.106.94.255
netname: Aeza-Network
country: AT
org: ORG-AGL38-RIPE
geofeed",No,0,,Low,csv_import,
185.106.94.102,VG,Unknown,204339.0,First Server Limited,185.106.94.0/24,0,1,54,36,91,0.0,unrated,clean,ARIN,"inetnum: 185.106.94.0 - 185.106.94.255
org: ORG-FA790-RIPE
geofeed: https://geofeed.first-server.net",No,0,,Low,csv_import,
185.106.94.103,VG,Unknown,204339.0,First Server Limited,185.106.94.0/24,0,0,0,91,91,0.0,unrated,unrated,ARIN,Unknown,No,0,,Low,csv_import,
46.249.32.100,NL,EU,50673.0,Serverius Holding B.V.,46.249.32.0/19,0,0,58,33,91,0.0,unrated,clean,RIPE NCC,"inetnum: 46.249.32.0 - 46.249.32.255
netname: SERVERIUSCUSTOMER
descr: Customer IP range
remarks: Pl",No,0,,Low,csv_import,
46.249.32.101,NL,EU,50673.0,Serverius Holding B.V.,46.249.32.0/19,0,0,0,91,91,0.0,unrated,unrated,RIPE NCC,Unknown,No,0,,Low,csv_import,
46.249.32.102,NL,EU,50673.0,Serverius Holding B.V.,46.249.32.0/19,9,0,45,37,91,-4.0,unrated,clean,RIPE NCC,"inetnum: 46.249.32.0 - 46.249.32.255
netname: SERVERIUSCUSTOMER
descr: Customer IP range
remarks: Pl",No,0,,Medium,csv_import,
46.249.32.103,NL,EU,50673.0,Serverius Holding B.V.,46.249.32.0/19,0,0,54,37,91,0.0,unrated,clean,RIPE NCC,"inetnum: 46.249.32.0 - 46.249.32.255
netname: SERVERIUSCUSTOMER
descr: Customer IP range
remarks: Pl",No,0,,Low,csv_import,
185.234.218.100,TR,AS,Unknown,Unknown,Unknown,0,0,57,34,91,0.0,unrated,clean,RIPE NCC,"inetnum: 185.234.218.0 - 185.234.218.255
netname: NL-3WINFRA-NET-20211123
country: NL
org: ORG-IB162",No,0,,Low,csv_import,
185.234.218.101,TR,AS,Unknown,Unknown,Unknown,0,0,1,90,91,0.0,unrated,unrated,RIPE NCC,"inetnum: 185.234.218.0 - 185.234.218.255
netname: NL-3WINFRA-NET-20211123
country: NL
org: ORG-IB162",No,0,,Low,csv_import,
185.234.218.102,TR,AS,Unknown,Unknown,Unknown,0,0,57,34,91,0.0,unrated,clean,RIPE NCC,"inetnum: 185.234.218.0 - 185.234.218.255
netname: NL-3WINFRA-NET-20211123
country: NL
org: ORG-IB162",No,0,,Low,csv_import,
185.234.218.103,TR,AS,Unknown,Unknown,Unknown,0,0,55,36,91,0.0,unrated,clean,RIPE NCC,"inetnum: 185.234.218.0 - 185.234.218.255
netname: NL-3WINFRA-NET-20211123
country: NL
org: ORG-IB162",No,0,,Low,csv_import,
222.186.30.100,CN,AS,4134.0,Chinanet,222.186.0.0/15,0,0,0,91,91,0.0,unrated,unrated,APNIC,Unknown,No,0,,Low,csv_import,
222.186.30.101,CN,AS,4134.0,Chinanet,222.186.0.0/15,0,0,0,91,91,0.0,unrated,unrated,APNIC,"inetnum: 222.184.0.0 - 222.191.255.255
netname: CHINANET-JS
descr: CHINANET jiangsu province network",No,0,,Low,csv_import,
222.186.30.102,CN,AS,4134.0,Chinanet,222.186.0.0/15,0,0,0,91,91,0.0,unrated,unrated,APNIC,"inetnum: 222.184.0.0 - 222.191.255.255
netname: CHINANET-JS
descr: CHINANET jiangsu province network",No,0,,Low,csv_import,
222.186.30.103,CN,AS,4134.0,Chinanet,222.186.0.0/15,0,0,0,91,91,0.0,unrated,unrated,APNIC,"inetnum: 222.184.0.0 - 222.191.255.255
netname: CHINANET-JS
descr: CHINANET jiangsu province network",No,0,,Low,csv_import,
218.92.0.100,CN,AS,4134.0,Chinanet,218.92.0.0/16,3,1,53,34,91,0.0,clean,clean,APNIC,"inetnum: 218.90.0.0 - 218.94.255.255
netname: CHINANET-JS
descr: CHINANET jiangsu province network
d",No,0,,Low,csv_import,
218.92.0.101,CN,AS,4134.0,Chinanet,218.92.0.0/16,1,0,54,36,91,0.0,unrated,clean,APNIC,"inetnum: 218.90.0.0 - 218.94.255.255
netname: CHINANET-JS
descr: CHINANET jiangsu province network
d",No,0,,Low,csv_import,
218.92.0.102,CN,AS,4134.0,Chinanet,218.92.0.0/16,0,1,54,36,91,0.0,unrated,clean,APNIC,"inetnum: 218.90.0.0 - 218.94.255.255
netname: CHINANET-JS
descr: CHINANET jiangsu province network
d",No,0,,Low,csv_import,
218.92.0.103,CN,AS,4134.0,Chinanet,218.92.0.0/16,5,1,51,34,91,-1.0,unrated,clean,APNIC,"inetnum: 218.90.0.0 - 218.94.255.255
netname: CHINANET-JS
descr: CHINANET jiangsu province network
d",No,0,,Medium,csv_import,
61.177.173.100,CN,AS,4134.0,Chinanet,61.177.128.0/17,0,0,0,91,91,0.0,unrated,unrated,APNIC,"NetRange: 61.0.0.0 - 61.255.255.255
CIDR: 61.0.0.0/8
NetName: APNIC3
NetHandle: NET-61-0-0-0-1
Paren",No,0,,Low,csv_import,
61.177.173.101,CN,AS,4134.0,Chinanet,61.177.128.0/17,0,0,0,91,91,0.0,unrated,unrated,APNIC,Unknown,No,0,,Low,csv_import,
61.177.173.102,CN,AS,4134.0,Chinanet,61.177.128.0/17,0,0,0,91,91,0.0,unrated,unrated,APNIC,"NetRange: 61.0.0.0 - 61.255.255.255
CIDR: 61.0.0.0/8
NetName: APNIC3
NetHandle: NET-61-0-0-0-1
Paren",No,0,,Low,csv_import,
61.177.173.103,CN,AS,4134.0,Chinanet,61.177.128.0/17,0,0,0,91,91,0.0,unrated,unrated,APNIC,"NetRange: 61.0.0.0 - 61.255.255.255
CIDR: 61.0.0.0/8
NetName: APNIC3
NetHandle: NET-61-0-0-0-1
Paren",No,0,,Low,csv_import,
185.176.100.50,IE,EU,206746.0,Scc Broadband Limited,185.176.100.0/22,0,0,0,91,91,0.0,unrated,unrated,RIPE NCC,nan,No,0,,Low,csv_import,
185.176.100.51,IE,EU,206746.0,Scc Broadband Limited,185.176.100.0/22,0,0,0,91,91,0.0,unrated,unrated,RIPE NCC,Unknown,No,0,,Low,csv_import,
185.176.100.52,IE,EU,206746.0,Scc Broadband Limited,185.176.100.0/22,0,0,0,91,91,0.0,unrated,unrated,RIPE NCC,Unknown,No,0,,Low,csv_import,
185.176.100.53,IE,EU,206746.0,Scc Broadband Limited,185.176.100.0/22,0,0,0,91,91,0.0,unrated,unrated,RIPE NCC,Unknown,No,0,,Low,csv_import,
45.142.122.100,VG,Unknown,205090.0,First Server Limited,45.142.122.0/24,0,1,53,37,91,0.0,unrated,clean,ARIN,"NetRange: 45.139.136.0 - 45.150.51.255
CIDR: 45.139.192.0/18, 45.150.48.0/22, 45.139.144.0/20, 45.15",No,0,,Low,csv_import,
45.142.122.101,VG,Unknown,205090.0,First Server Limited,45.142.122.0/24,0,0,0,91,91,0.0,unrated,unrated,ARIN,Unknown,No,0,,Low,csv_import,
45.142.122.102,VG,Unknown,205090.0,First Server Limited,45.142.122.0/24,1,0,54,36,91,0.0,unrated,clean,ARIN,"NetRange: 45.139.136.0 - 45.150.51.255
CIDR: 45.148.0.0/15, 45.139.160.0/19, 45.140.0.0/14, 45.144.0",No,0,,Low,csv_import,
45.142.122.103,VG,Unknown,205090.0,First Server Limited,45.142.122.0/24,0,0,0,91,91,0.0,unrated,unrated,ARIN,"inetnum: 45.142.122.0 - 45.142.122.255
netname: aeza-net-1
country: RU
org: ORG-AGL42-RIPE
admin-c:",No,0,,Low,csv_import,
194.40.243.100,UA,EU,48693.0,Rices Privately owned enterprise,194.40.243.0/24,1,0,53,37,91,0.0,unrated,clean,RIPE NCC,"inetnum: 194.40.243.0 - 194.40.243.255
netname: Ntup
country: NL
admin-c: NA7006-RIPE
tech-c: NA7006",No,0,,Low,csv_import,
194.40.243.101,UA,EU,48693.0,Rices Privately owned enterprise,194.40.243.0/24,0,0,54,37,91,0.0,unrated,clean,RIPE NCC,"inetnum: 194.40.243.0 - 194.40.243.255
netname: Ntup
country: NL
admin-c: NA7006-RIPE
tech-c: NA7006",No,0,,Low,csv_import,
194.40.243.102,UA,EU,48693.0,Rices Privately owned enterprise,194.40.243.0/24,0,0,0,91,91,0.0,unrated,unrated,RIPE NCC,Unknown,No,0,,Low,csv_import,
194.40.243.103,UA,EU,48693.0,Rices Privately owned enterprise,194.40.243.0/24,0,0,0,91,91,0.0,unrated,unrated,RIPE NCC,Unknown,No,0,,Low,csv_import,
27.64.20.36,VN,AS,7552 viettel group,Viettel Group,27.64.20.36/32,0,0,5,0,0,5.0,clean,clean,APNIC,"ISP: Viettel Group
Domain: viettel.com.vn
Network: VIETTEL-VN
abuse: IRT-VNNIC-AP
technical: Nguyen Dang Tiep
administrative: Tran Van Thanh",No,1,2026-05-29,Low,live_api,"[{""source_type"": ""IP"", ""source_key"": ""27.64.20.36"", ""engine"": ""RDAP"", ""verdict"": ""INFORMATIONAL"", ""confidence"": ""LOW"", ""score"": 0.0, ""note"": ""RDAP network: VIETTEL-VN"", ""summary"": ""RDAP network: VIETTEL-VN""}]"
103.118.246.189,HK,AS,55933 cloudie limited,Sakura Network Limited,103.118.246.189/32,30,0,1,0,5,-2.0,suspicious,unrated,APNIC,"ISP: Sakura Network Limited
Domain: sakura.as",No,6,2026-05-24,Medium,csv_import,
91.195.240.19,DE,EU,47846 sedo,Sedo Domain Parking,91.195.240.19/32,90,2,1,0,16,-8.0,malicious,malware,RIPE NCC,"ISP: Sedo Domain Parking
Domain: sedo.com",No,17,2026-05-24,Critical,csv_import,
59.103.203.250,PK,AS,136525 wancom (pvt) ltd.,"Narrowband HSI Pool for Hyderabad, Pakistan",59.103.203.250/32,45,0,1,0,3,-3.5,malicious,malware,APNIC,"ISP: Narrowband HSI Pool for Hyderabad, Pakistan
Domain: ptcl.net.pk",No,4,2026-05-24,Medium,csv_import,
172.67.137.126,US,nan,13335 cloudflare,"Cloudflare, Inc.",172.67.137.126/32,0,0,5,0,0,5.0,clean,clean,ARIN,"ISP: Cloudflare, Inc.
Domain: cloudflare.com
Network: CLOUDFLARENET
registrant: Cloudflare, Inc.
abuse: Abuse
technical: Admin
noc: NOC",No,1,2026-05-25,Low,csv_import,
103.171.86.69,IN,AS,140129 maba safenet broadband services private limited,Maba Safenet Broadband Services Private Limited,103.171.86.69/32,30,0,1,0,7,-2.0,suspicious,unrated,APNIC,"ISP: Maba Safenet Broadband Services Private Limited
Domain: mabasafenet.com",No,8,2026-05-24,Medium,csv_import,
195.135.79.84,FR,EU,8399 sewan sas,SEWAN SAS,195.135.79.84/32,48,0,1,0,18,-3.8,malicious,malware,RIPE NCC,"ISP: SEWAN SAS
Domain: sewan.fr
Network: FR-SEWAN-970501
administrative: Alexis de Goriainoff
administrative: NOC AS8399
administrative: NOC AS8399
registrant: MNT-SEWAN
registrant: SEWAN SAS
registrant: RIPE-NCC-HM-MNT
abuse: NOC AS8399",No,19,2026-05-25,Medium,csv_import,
127.0.0.1,Unknown,Unknown,Unknown,Unknown ISP,127.0.0.1/32,15,0,1,0,4288,-0.5,malicious,malware,Unknown,Unknown,No,4289,2026-05-25,Low,csv_import,
172.253.132.207,US,nan,15169 google llc,Google LLC,172.253.132.207/32,15,0,1,0,0,-0.5,suspicious,unrated,ARIN,"ISP: Google LLC
Domain: google.com
Network: GOOGLE
registrant: Google LLC",No,1,2026-05-25,Low,csv_import,
103.115.57.139,HK,AS,55933 cloudie limited,Rainbow Network Limited,103.115.57.139/32,30,0,1,0,5,-2.0,suspicious,unrated,APNIC,"ISP: Rainbow Network Limited
Domain: rainbownetworkbd.com
Network: Ybnetwork
technical: IP administrator",No,6,2026-05-25,Medium,csv_import,
113.141.73.248,CN,AS,134768 chinanet shaanxi province cloud base network,CHINANET SHAANXI PROVINCE NETWORK,113.141.73.248/32,45,0,1,0,34,-3.5,malicious,malware,APNIC,"ISP: CHINANET SHAANXI PROVINCE NETWORK
Domain: xa.sn.cn
Network: CHINANET-SN
abuse: IRT-CHINANET-CN
administrative: Xianghong Cao",No,35,2026-05-29,Medium,live_api,"[{""source_type"": ""IP"", ""source_key"": ""113.141.73.248"", ""engine"": ""AbuseIPDB"", ""verdict"": ""SUSPICIOUS"", ""confidence"": ""MEDIUM"", ""score"": 3.1, ""note"": ""AbuseIPDB confidence score: 31"", ""summary"": ""AbuseIPDB confidence score: 31""}, {""source_type"": ""IP"", ""source_key"": ""113.141.73.248"", ""engine"": ""VirusTotal"", ""verdict"": ""MALICIOUS"", ""confidence"": ""MEDIUM"", ""score"": 3, ""note"": ""VirusTotal: 3 malicious engines"", ""summary"": ""VirusTotal: 3 malicious engines""}, {""source_type"": ""IP"", ""source_key"": ""113.141.73.248"", ""engine"": ""RDAP"", ""verdict"": ""INFORMATIONAL"", ""confidence"": ""LOW"", ""score"": 0.0, ""note"": ""RDAP network: CHINANET-SN"", ""summary"": ""RDAP network: CHINANET-SN""}]"
2607:f8b0:4864:20::1242,US,NA,15169 google llc,Google LLC,2607:f8b0:4864:20::1242/32,0,0,5,0,9,5.0,suspicious,unrated,ARIN,"ISP: Google LLC
Domain: google.com
Network: GOOGLE-IPV6
registrant: Google LLC",No,10,2026-05-29,Low,live_api,"[{""source_type"": ""IP"", ""source_key"": ""2607:f8b0:4864:20::1242"", ""engine"": ""RDAP"", ""verdict"": ""INFORMATIONAL"", ""confidence"": ""LOW"", ""score"": 0.0, ""note"": ""RDAP network: GOOGLE-IPV6"", ""summary"": ""RDAP network: GOOGLE-IPV6""}]"
172.233.115.32,ES,EU,20940 akamai international b.v.,Linode,172.233.115.32/32,23,0,1,0,29,-1.2999999999999998,malicious,malware,RIPE NCC,"ISP: Linode
Domain: linode.com
Network: LINODE
registrant: Linode
noc: Linode Network Operations
abuse: Linode Abuse Support",No,30,2026-05-29,Medium,live_api,"[{""source_type"": ""IP"", ""source_key"": ""172.233.115.32"", ""engine"": ""AbuseIPDB"", ""verdict"": ""SUSPICIOUS"", ""confidence"": ""MEDIUM"", ""score"": 2.3, ""note"": ""AbuseIPDB confidence score: 23"", ""summary"": ""AbuseIPDB confidence score: 23""}, {""source_type"": ""IP"", ""source_key"": ""172.233.115.32"", ""engine"": ""RDAP"", ""verdict"": ""INFORMATIONAL"", ""confidence"": ""LOW"", ""score"": 0.0, ""note"": ""RDAP network: LINODE"", ""summary"": ""RDAP network: LINODE""}]"
185.220.101.42,DE,EU,Unknown,Network for Tor-Exit traffic.,185.220.101.32/27,255,2,1,0,106,-24.5,malicious,malware,RIPE NCC,"ISP: Network for Tor-Exit traffic.
Domain: for-privacy.net
Network: TOR-EXIT
registrant: FORPRIVACYNET-MNT
administrative: Marco Maske
registrant: ForPrivacyNET
registrant: ZWIEBELFREUNDE
abuse: Abuse contact role object",Yes,107,2026-05-29,Critical,live_api,"[{""source_type"": ""IP"", ""source_key"": ""185.220.101.42"", ""engine"": ""AbuseIPDB"", ""verdict"": ""MALICIOUS"", ""confidence"": ""HIGH"", ""score"": 10.0, ""note"": ""AbuseIPDB confidence score: 100"", ""summary"": ""AbuseIPDB confidence score: 100""}, {""source_type"": ""IP"", ""source_key"": ""185.220.101.42"", ""engine"": ""VirusTotal"", ""verdict"": ""MALICIOUS"", ""confidence"": ""HIGH"", ""score"": 10.0, ""note"": ""VirusTotal: 17 malicious engines"", ""summary"": ""VirusTotal: 17 malicious engines""}, {""source_type"": ""IP"", ""source_key"": ""185.220.101.42"", ""engine"": ""RDAP"", ""verdict"": ""INFORMATIONAL"", ""confidence"": ""LOW"", ""score"": 0.0, ""note"": ""RDAP network: TOR-EXIT"", ""summary"": ""RDAP network: TOR-EXIT""}]"
103.27.250.102,ID,AS,None ,Perhimpunan Klik Indonesia,103.27.250.102/32,43,0,1,0,6,-3.3,malicious,malware,APNIC,"ISP: Perhimpunan Klik Indonesia
Domain: klikindonesia.or.id
Network: OPENIP-AS-AP
abuse: IRT-OPENIP-ID
registrant: Perhimpunan Klik Indonesia
technical: Perhimpunan Klik Indonesia - network administrator",No,7,2026-05-29,Medium,live_api,"[{""source_type"": ""IP"", ""source_key"": ""103.27.250.102"", ""engine"": ""AbuseIPDB"", ""verdict"": ""SUSPICIOUS"", ""confidence"": ""MEDIUM"", ""score"": 4.3, ""note"": ""AbuseIPDB confidence score: 43"", ""summary"": ""AbuseIPDB confidence score: 43""}, {""source_type"": ""IP"", ""source_key"": ""103.27.250.102"", ""engine"": ""VirusTotal"", ""verdict"": ""SUSPICIOUS"", ""confidence"": ""MEDIUM"", ""score"": 2, ""note"": ""VirusTotal: 2 malicious engines"", ""summary"": ""VirusTotal: 2 malicious engines""}, {""source_type"": ""IP"", ""source_key"": ""103.27.250.102"", ""engine"": ""RDAP"", ""verdict"": ""INFORMATIONAL"", ""confidence"": ""LOW"", ""score"": 0.0, ""note"": ""RDAP network: OPENIP-AS-AP"", ""summary"": ""RDAP network: OPENIP-AS-AP""}]"
