ip,country,continent,asn,owner,network,malicious_votes,suspicious_votes,harmless_votes,undetected_votes,total_reports,reputation_score,threat_label,threat_category,regional_registry,whois_summary,tor_node,times_submitted,last_analysis_date,threat_severity
176.10.99.200,CH,EU,51395.0,Datasource AG,176.10.96.0/19,3,0,55,33,91,-26,clean,clean,RIPE NCC,"inetnum: 176.10.99.192 - 176.10.99.223
netname: Feral214Management
country: CH
admin-c: RT4480-RIPE
",No,0,1777589108,Low
176.10.99.201,CH,EU,51395.0,Datasource AG,176.10.96.0/19,0,1,53,37,91,0,unrated,clean,RIPE NCC,"inetnum: 176.10.99.192 - 176.10.99.223
netname: Feral214Management
country: CH
admin-c: RT4480-RIPE
",No,0,1776571431,Low
77.247.181.162,NL,EU,43350.0,NForce Entertainment B.V.,77.247.176.0/21,4,1,53,33,91,-19,unrated,clean,RIPE NCC,"inetnum: 77.247.181.160 - 77.247.181.175
netname: ZWIEBELFREUNDE
descr: Customer 692 / Zwiebelfreund",No,0,1777589035,Medium
77.247.181.163,NL,EU,43350.0,NForce Entertainment B.V.,77.247.176.0/21,2,2,55,32,91,-16,clean,clean,RIPE NCC,"inetnum: 77.247.181.160 - 77.247.181.175
netname: ZWIEBELFREUNDE
descr: Customer 692 / Zwiebelfreund",No,0,1777588738,Low
199.87.154.255,CA,Unknown,18451.0,LES.NET,199.87.152.0/21,2,0,54,35,91,-1,unrated,clean,ARIN,"LES.NET LESNET-V4-2 (NET-199-87-152-0-1) 199.87.152.0 - 199.87.159.255
TOR Exit Gateway LESNE (NET-1",No,0,1777588079,Low
108.62.14.195,US,Unknown,395954.0,"Leaseweb USA, Inc.",108.62.8.0/21,0,0,0,91,91,0,unrated,unrated,ARIN,"Leaseweb USA, Inc. NET-108-62-0-0-1 (NET-108-62-0-0-1) 108.62.0.0 - 108.62.255.255
LeaseWeb USA, Inc",No,0,1647504729,Low
185.220.101.1,DE,EU,60729.0,Stiftung Erneuerbare Freiheit,185.220.101.0/24,17,2,43,29,91,-23,unrated,clean,RIPE NCC,"inetnum: 185.220.101.0 - 185.220.101.31
netname: ARTIKEL10
country: DE
org: ORG-AE101-RIPE
admin-c: ",Yes,0,1777627861,High
185.220.101.2,DE,EU,60729.0,Stiftung Erneuerbare Freiheit,185.220.101.0/24,11,4,45,31,91,-14,unrated,clean,RIPE NCC,"inetnum: 185.220.101.0 - 185.220.101.31
netname: ARTIKEL10
country: DE
org: ORG-AE101-RIPE
admin-c: ",Yes,0,1777615588,High
185.220.101.3,DE,EU,60729.0,Stiftung Erneuerbare Freiheit,185.220.101.0/24,14,2,46,29,91,-16,unrated,malware,RIPE NCC,"inetnum: 185.220.101.0 - 185.220.101.31
netname: ARTIKEL10
country: DE
org: ORG-AE101-RIPE
admin-c: ",Yes,0,1777604660,High
185.220.101.4,DE,EU,60729.0,Stiftung Erneuerbare Freiheit,185.220.101.0/24,12,3,46,30,91,-18,unrated,malware,RIPE NCC,"inetnum: 185.220.101.0 - 185.220.101.31
netname: ARTIKEL10
country: DE
org: ORG-AE101-RIPE
admin-c: ",Yes,0,1777603749,High
185.220.101.9,DE,EU,60729.0,Stiftung Erneuerbare Freiheit,185.220.101.0/24,13,3,45,30,91,-57,unrated,malware,RIPE NCC,"inetnum: 185.220.101.0 - 185.220.101.31
netname: ARTIKEL10
country: DE
org: ORG-AE101-RIPE
admin-c: ",Yes,0,1777626256,High
185.220.101.10,DE,EU,60729.0,Stiftung Erneuerbare Freiheit,185.220.101.0/24,14,2,44,31,91,-14,unrated,malware,RIPE NCC,"inetnum: 185.220.101.0 - 185.220.101.31
netname: ARTIKEL10
country: DE
org: ORG-AE101-RIPE
admin-c: ",Yes,0,1777603985,High
185.220.101.11,DE,EU,60729.0,Stiftung Erneuerbare Freiheit,185.220.101.0/24,12,2,46,31,91,-16,unrated,clean,RIPE NCC,"inetnum: 185.220.101.0 - 185.220.101.31
netname: ARTIKEL10
country: DE
org: ORG-AE101-RIPE
admin-c: ",Yes,0,1777603764,High
185.220.101.12,DE,EU,60729.0,Stiftung Erneuerbare Freiheit,185.220.101.0/24,13,3,45,30,91,-16,unrated,malware,RIPE NCC,"inetnum: 185.220.101.0 - 185.220.101.31
netname: ARTIKEL10
country: DE
org: ORG-AE101-RIPE
admin-c: ",Yes,0,1777626256,High
185.220.101.13,DE,EU,60729.0,Stiftung Erneuerbare Freiheit,185.220.101.0/24,18,3,42,28,91,-28,unrated,malware,RIPE NCC,"inetnum: 185.220.101.0 - 185.220.101.31
netname: ARTIKEL10
country: DE
org: ORG-AE101-RIPE
admin-c: ",Yes,0,1777626220,High
185.220.101.14,DE,EU,60729.0,Stiftung Erneuerbare Freiheit,185.220.101.0/24,12,4,45,30,91,-26,unrated,clean,RIPE NCC,"inetnum: 185.220.101.0 - 185.220.101.31
netname: ARTIKEL10
country: DE
org: ORG-AE101-RIPE
admin-c: ",Yes,0,1777604064,High
91.240.118.172,HK,AS,Unknown,Unknown,Unknown,11,1,47,32,91,-1,malware,clean,APNIC,"inetnum: 91.0.0.0 - 91.255.255.255
netname: RIPE-CIDR-BLOCK
descr: Not allocated by APNIC
remarks: -",No,0,1777471950,High
91.240.118.173,HK,AS,Unknown,Unknown,Unknown,2,0,54,35,91,0,unrated,clean,APNIC,"inetnum: 91.0.0.0 - 91.255.255.255
netname: RIPE-CIDR-BLOCK
descr: Not allocated by APNIC
remarks: -",No,0,1775537917,Low
91.240.118.174,HK,AS,Unknown,Unknown,Unknown,5,0,48,38,91,-1,unrated,clean,APNIC,"inetnum: 91.0.0.0 - 91.255.255.255
netname: RIPE-CIDR-BLOCK
descr: Not allocated by APNIC
remarks: -",No,0,1777121902,Medium
91.240.118.175,HK,AS,Unknown,Unknown,Unknown,2,1,53,35,91,0,unrated,clean,APNIC,"inetnum: 91.0.0.0 - 91.255.255.255
netname: RIPE-CIDR-BLOCK
descr: Not allocated by APNIC
remarks: -",No,0,1759927720,Low
194.165.16.77,MC,EU,48721.0,Flyservers S.A.,194.165.16.0/23,1,0,54,36,91,-3,unrated,clean,RIPE NCC,"inetnum: 194.165.16.0 - 194.165.17.255
netname: PA-FLYSERVERS
country: EU
org: ORG-FS255-RIPE
admin-",No,0,1776739665,Low
194.165.16.78,MC,EU,48721.0,Flyservers S.A.,194.165.16.0/23,9,0,47,35,91,-4,malware,clean,RIPE NCC,"inetnum: 194.165.16.0 - 194.165.17.255
netname: PA-FLYSERVERS
country: EU
org: ORG-FS255-RIPE
admin-",No,0,1776687285,Medium
194.165.16.79,MC,EU,48721.0,Flyservers S.A.,194.165.16.0/23,3,0,52,36,91,0,unrated,malware,RIPE NCC,"inetnum: 194.165.16.0 - 194.165.17.255
netname: PA-FLYSERVERS
country: EU
org: ORG-FS255-RIPE
admin-",No,0,1776953293,Low
194.165.16.80,MC,EU,48721.0,Flyservers S.A.,194.165.16.0/23,5,0,51,35,91,0,unrated,malware,RIPE NCC,"inetnum: 194.165.16.0 - 194.165.17.255
netname: PA-FLYSERVERS
country: EU
org: ORG-FS255-RIPE
admin-",No,0,1776678963,Medium
45.142.212.100,MD,EU,209847.0,WorkTitans B.V.,45.142.212.0/22,8,1,52,30,91,0,malware,malware,RIPE NCC,"inetnum: 45.142.212.0 - 45.142.212.255
netname: THEHOSTING
country: MD
admin-c: THMC1-RIPE
tech-c: T",No,0,1777608515,Medium
45.142.212.101,MD,EU,209847.0,WorkTitans B.V.,45.142.212.0/22,0,0,55,36,91,0,unrated,clean,RIPE NCC,"inetnum: 45.142.212.0 - 45.142.212.255
netname: STARK
country: MD
org: ORG-SISL19-RIPE
admin-c: SICK",No,0,1747747423,Low
45.142.212.102,MD,EU,209847.0,WorkTitans B.V.,45.142.212.0/22,0,0,0,91,91,0,unrated,unrated,RIPE NCC,"NetRange: 45.128.0.0 - 45.159.255.255
CIDR: 45.128.0.0/11
NetName: RIPE
NetHandle: NET-45-128-0-0-1
",No,0,1569707035,Low
45.142.212.103,MD,EU,209847.0,WorkTitans B.V.,45.142.212.0/22,0,0,0,91,91,0,unrated,unrated,RIPE NCC,"inetnum: 45.142.212.0 - 45.142.212.255
netname: STARK
country: MD
org: ORG-SISL19-RIPE
admin-c: SICK",No,0,1751638462,Low
193.203.203.67,CA,Unknown,53363.0,TANGRAM CANADA INC.,193.203.203.0/24,7,1,46,37,91,0,unrated,clean,ARIN,"NetRange: 193.0.0.0 - 193.255.255.255
CIDR: 193.0.0.0/8
NetName: RIPE-CBLK
NetHandle: NET-193-0-0-0-",No,0,1775910271,Medium
193.203.203.68,CA,Unknown,53363.0,TANGRAM CANADA INC.,193.203.203.0/24,0,0,0,91,91,0,unrated,unrated,ARIN,"NetRange: 193.0.0.0 - 193.255.255.255
CIDR: 193.0.0.0/8
NetName: RIPE-CBLK
NetHandle: NET-193-0-0-0-",No,0,1620654649,Low
193.203.203.69,CA,Unknown,53363.0,TANGRAM CANADA INC.,193.203.203.0/24,0,0,0,91,91,0,unrated,unrated,ARIN,"NetRange: 193.0.0.0 - 193.255.255.255
CIDR: 193.0.0.0/8
NetName: RIPE-CBLK
NetHandle: NET-193-0-0-0-",No,0,1730285061,Low
193.203.203.70,CA,Unknown,53363.0,TANGRAM CANADA INC.,193.203.203.0/24,0,0,0,91,91,0,unrated,unrated,ARIN,"NetRange: 193.0.0.0 - 193.255.255.255
CIDR: 193.0.0.0/8
NetName: RIPE-CBLK
NetHandle: NET-193-0-0-0-",No,0,1747152814,Low
31.13.195.56,BG,EU,34224.0,Neterra Ltd.,31.13.195.0/24,1,0,53,37,91,0,unrated,clean,RIPE NCC,"inetnum: 31.13.195.0 - 31.13.195.127
netname: NETERRA-VPSBG-NET
descr: VPS.BG IP PA Space
country: B",No,0,1750235888,Low
31.13.195.57,BG,EU,34224.0,Neterra Ltd.,31.13.195.0/24,0,0,54,37,91,0,unrated,clean,RIPE NCC,"inetnum: 31.13.195.0 - 31.13.195.127
netname: NETERRA-VPSBG-NET
descr: VPS.BG IP PA Space
country: B",No,0,1774303389,Low
31.13.195.58,BG,EU,34224.0,Neterra Ltd.,31.13.195.0/24,0,1,53,37,91,0,unrated,clean,RIPE NCC,"inetnum: 31.13.195.0 - 31.13.195.127
netname: NETERRA-VPSBG-NET
descr: VPS.BG IP PA Space
country: B",No,0,1761019735,Low
31.13.195.59,BG,EU,34224.0,Neterra Ltd.,31.13.195.0/24,0,0,0,91,91,0,unrated,unrated,RIPE NCC,"NetRange: 31.0.0.0 - 31.255.255.255
CIDR: 31.0.0.0/8
NetName: RIPE-31
NetHandle: NET-31-0-0-0-1
Pare",No,0,1584749579,Low
185.243.115.200,DE,EU,48314.0,IP-Projects GmbH & Co. KG,185.243.114.0/23,0,0,0,91,91,0,unrated,unrated,RIPE NCC,Unknown,No,0,1742185161,Low
185.243.115.201,DE,EU,48314.0,IP-Projects GmbH & Co. KG,185.243.114.0/23,0,0,0,91,91,0,unrated,unrated,RIPE NCC,"NetRange: 185.0.0.0 - 185.255.255.255
CIDR: 185.0.0.0/8
NetName: RIPE-185
NetHandle: NET-185-0-0-0-1",No,0,1588036654,Low
185.243.115.202,DE,EU,48314.0,IP-Projects GmbH & Co. KG,185.243.114.0/23,0,0,0,91,91,0,unrated,unrated,RIPE NCC,"inetnum: 185.243.115.0 - 185.243.115.255
netname: CrownCloud
descr: CrownCloud
country: DE
org: ORG-",No,0,1767976692,Low
185.243.115.203,DE,EU,48314.0,IP-Projects GmbH & Co. KG,185.243.114.0/23,0,0,55,36,91,0,unrated,clean,RIPE NCC,"inetnum: 185.243.115.0 - 185.243.115.255
netname: CrownCloud
descr: CrownCloud
country: DE
org: ORG-",No,0,1756471387,Low
5.188.206.14,BG,EU,200391.0,Krez 999 Eood,5.188.206.0/24,2,1,52,36,91,-3,unrated,malware,RIPE NCC,"inetnum: 5.188.206.0 - 5.188.206.255
netname: TAIL-NET
descr: VPS and Shared Hosting
country: EU
org",No,0,1775649500,Low
5.188.206.15,BG,EU,200391.0,Krez 999 Eood,5.188.206.0/24,1,0,0,90,91,0,unrated,unrated,RIPE NCC,"inetnum: 5.188.206.0 - 5.188.206.255
netname: TAIL-NET
descr: VPS and Shared Hosting
country: EU
org",No,0,1747395969,Low
5.188.206.16,BG,EU,200391.0,Krez 999 Eood,5.188.206.0/24,1,0,53,37,91,0,unrated,clean,RIPE NCC,"inetnum: 5.188.206.0 - 5.188.206.255
netname: TAIL-NET
descr: VPS and Shared Hosting
country: EU
org",No,0,1747395971,Low
5.188.206.17,BG,EU,200391.0,Krez 999 Eood,5.188.206.0/24,1,0,0,90,91,0,unrated,unrated,RIPE NCC,"inetnum: 5.188.206.0 - 5.188.206.255
netname: TAIL-NET
descr: VPS and Shared Hosting
country: EU
org",No,0,1747395969,Low
179.43.141.120,CH,EU,51852.0,Private Layer INC,179.43.128.0/18,0,0,0,91,91,0,unrated,unrated,RIPE NCC,"inetnum: 179.0.0.0 - 179.61.127.255
netname: NON-RIPE-NCC-MANAGED-ADDRESS-BLOCK
descr: IPv4 address ",No,0,1684858449,Low
179.43.141.121,CH,EU,51852.0,Private Layer INC,179.43.128.0/18,0,0,0,91,91,0,unrated,unrated,RIPE NCC,"NetHandle: NET-179-0-0-0-1
NetType: Allocated to LACNIC
Organization: Latin American and Caribbean I",No,0,1552745878,Low
179.43.141.122,CH,EU,51852.0,Private Layer INC,179.43.128.0/18,0,0,54,37,91,0,unrated,clean,RIPE NCC,"inetnum: 179.0.0.0 - 179.61.127.255
netname: NON-RIPE-NCC-MANAGED-ADDRESS-BLOCK
descr: IPv4 address ",No,0,1746610227,Low
179.43.141.123,CH,EU,51852.0,Private Layer INC,179.43.128.0/18,0,0,0,91,91,0,unrated,unrated,RIPE NCC,"inetnum: 179.0.0.0 - 179.61.127.255
netname: NON-RIPE-NCC-MANAGED-ADDRESS-BLOCK
descr: IPv4 address ",No,0,1686378778,Low
158.247.210.58,KR,AS,20473.0,"The Constant Company, LLC",158.247.192.0/18,9,3,47,32,91,0,unrated,malware,APNIC,"inetnum: 158.247.192.0 - 158.247.255.255
netname: CONSTANT-AP
descr: The Constant Company, LLC
count",No,0,1777452252,Medium
158.247.210.59,KR,AS,20473.0,"The Constant Company, LLC",158.247.192.0/18,0,0,0,91,91,0,unrated,unrated,APNIC,"inetnum: 158.247.192.0 - 158.247.255.255
netname: CONSTANT-AP
descr: The Constant Company, LLC
count",No,0,1772848990,Low
158.247.210.60,KR,AS,20473.0,"The Constant Company, LLC",158.247.192.0/18,0,0,0,91,91,0,unrated,unrated,APNIC,"inetnum: 158.247.192.0 - 158.247.255.255
netname: CONSTANT-AP
descr: The Constant Company, LLC
count",No,0,1749179534,Low
158.247.210.61,KR,AS,20473.0,"The Constant Company, LLC",158.247.192.0/18,0,0,0,91,91,0,unrated,unrated,APNIC,"inetnum: 158.247.192.0 - 158.247.255.255
netname: CONSTANT-AP
descr: The Constant Company, LLC
count",No,0,1776251306,Low
45.33.49.119,US,Unknown,63949.0,Akamai Connected Cloud,45.33.0.0/17,0,0,56,35,91,1,clean,clean,ARIN,"Akamai Technologies, Inc. LINODE-US (NET-45-33-0-0-1) 45.33.0.0 - 45.33.127.255
Linode LINODE (NET-4",No,0,1776285700,Low
45.33.49.120,US,Unknown,63949.0,Akamai Connected Cloud,45.33.0.0/17,0,0,0,91,91,0,unrated,unrated,ARIN,"No match found for linodeusercontent.com.
",No,0,1693299567,Low
45.33.49.121,US,Unknown,63949.0,Akamai Connected Cloud,45.33.0.0/17,0,0,0,91,91,0,unrated,unrated,ARIN,"NetRange: 45.33.0.0 - 45.33.127.255
CIDR: 45.33.0.0/17
NetName: LINODE-US
NetHandle: NET-45-33-0-0-1",No,0,1595164807,Low
45.33.49.122,US,Unknown,63949.0,Akamai Connected Cloud,45.33.0.0/17,0,0,0,91,91,0,unrated,unrated,ARIN," Domain Name: LINODE.COM
 Registry Domain ID: 94382922_DOMAIN_COM-VRSN
 Registrar WHOIS Server: wh",No,0,1722383767,Low
185.159.82.100,RU,EU,14576.0,Hosting Solution Ltd.,185.159.80.0/22,2,0,53,36,91,0,unrated,clean,RIPE NCC,"inetnum: 185.159.82.0 - 185.159.82.255
netname: King-Servers
country: RU
geofeed: https://kingserver",No,0,1765657089,Low
185.159.82.101,RU,EU,14576.0,Hosting Solution Ltd.,185.159.80.0/22,0,0,1,90,91,0,unrated,unrated,RIPE NCC,"NetRange: 185.0.0.0 - 185.255.255.255
CIDR: 185.0.0.0/8
NetName: RIPE-185
NetHandle: NET-185-0-0-0-1",No,0,1735866850,Low
185.159.82.102,RU,EU,14576.0,Hosting Solution Ltd.,185.159.80.0/22,0,0,0,91,91,0,unrated,unrated,RIPE NCC,"Domain Name: emaillyr.club
Registry Domain ID: DBD82C6B933D84F1D8A9D6020D8353D6C-NSR
Registrar WHOIS",No,0,1559135018,Low
185.159.82.103,RU,EU,14576.0,Hosting Solution Ltd.,185.159.80.0/22,1,0,54,36,91,0,unrated,clean,RIPE NCC,"inetnum: 185.159.82.0 - 185.159.82.255
netname: King-Servers
country: RU
geofeed: https://kingserver",No,0,1776988991,Low
95.179.130.100,NL,EU,20473.0,"The Constant Company, LLC",95.179.128.0/17,0,0,0,91,91,0,unrated,unrated,RIPE NCC,"inetnum: 95.179.130.0 - 95.179.131.255
created: 2018-05-15T19:00:06Z
last-modified: 2018-05-15T19:00",No,0,1753121255,Low
95.179.130.101,NL,EU,20473.0,"The Constant Company, LLC",95.179.128.0/17,0,0,0,91,91,0,unrated,unrated,RIPE NCC," Domain Name: VULTR.COM
 Registry Domain ID: 1523015927_DOMAIN_COM-VRSN
 Registrar WHOIS Server: w",No,0,1665850040,Low
95.179.130.102,NL,EU,20473.0,"The Constant Company, LLC",95.179.128.0/17,0,0,0,91,91,0,unrated,unrated,RIPE NCC,"inetnum: 95.179.130.0 - 95.179.131.255
created: 2018-05-15T19:00:06Z
last-modified: 2018-05-15T19:00",No,0,1777391307,Low
95.179.130.103,NL,EU,20473.0,"The Constant Company, LLC",95.179.128.0/17,0,0,0,91,91,0,unrated,unrated,RIPE NCC,"inetnum: 95.179.130.0 - 95.179.131.255
created: 2018-05-15T19:00:06Z
last-modified: 2018-05-15T19:00",No,0,1687422399,Low
104.21.14.101,Unknown,Unknown,13335.0,"Cloudflare, Inc.",104.21.0.0/17,0,0,57,34,91,0,unrated,clean,Unknown,"NetRange: 104.16.0.0 - 104.31.255.255
CIDR: 104.16.0.0/12
NetName: CLOUDFLARENET
NetHandle: NET-104-",No,0,1777609379,Low
104.21.14.102,Unknown,Unknown,13335.0,"Cloudflare, Inc.",104.21.0.0/17,0,0,57,34,91,0,unrated,clean,Unknown,"NetRange: 104.16.0.0 - 104.31.255.255
CIDR: 104.16.0.0/12
NetName: CLOUDFLARENET
NetHandle: NET-104-",No,0,1777604113,Low
104.21.14.103,Unknown,Unknown,13335.0,"Cloudflare, Inc.",104.21.0.0/17,0,0,0,91,91,0,unrated,unrated,Unknown,"NetRange: 104.16.0.0 - 104.31.255.255
CIDR: 104.16.0.0/12
NetName: CLOUDFLARENET
NetHandle: NET-104-",No,0,1777629066,Low
104.21.14.104,Unknown,Unknown,13335.0,"Cloudflare, Inc.",104.21.0.0/17,0,0,57,34,91,0,unrated,clean,Unknown,"NetRange: 104.16.0.0 - 104.31.255.255
CIDR: 104.16.0.0/12
NetName: CLOUDFLARENET
NetHandle: NET-104-",No,0,1777627593,Low
172.67.182.131,Unknown,Unknown,13335.0,"Cloudflare, Inc.",172.67.128.0/17,0,0,56,35,91,0,unrated,clean,Unknown,"NetRange: 172.64.0.0 - 172.71.255.255
CIDR: 172.64.0.0/13
NetName: CLOUDFLARENET
NetHandle: NET-172-",No,0,1777626734,Low
172.67.182.132,Unknown,Unknown,13335.0,"Cloudflare, Inc.",172.67.128.0/17,0,0,56,35,91,0,unrated,clean,Unknown,"NetRange: 172.64.0.0 - 172.71.255.255
CIDR: 172.64.0.0/13
NetName: CLOUDFLARENET
NetHandle: NET-172-",No,0,1777616202,Low
172.67.182.133,Unknown,Unknown,13335.0,"Cloudflare, Inc.",172.67.128.0/17,0,0,56,35,91,0,unrated,clean,Unknown,"NetRange: 172.64.0.0 - 172.71.255.255
CIDR: 172.64.0.0/13
NetName: CLOUDFLARENET
NetHandle: NET-172-",No,0,1777626695,Low
172.67.182.134,Unknown,Unknown,13335.0,"Cloudflare, Inc.",172.67.128.0/17,0,0,56,35,91,-1,unrated,clean,Unknown,"NetRange: 172.64.0.0 - 172.71.255.255
CIDR: 172.64.0.0/13
NetName: CLOUDFLARENET
NetHandle: NET-172-",No,0,1777612016,Low
104.21.55.201,Unknown,Unknown,13335.0,"Cloudflare, Inc.",104.21.0.0/17,0,0,57,34,91,0,unrated,clean,Unknown,"NetRange: 104.16.0.0 - 104.31.255.255
CIDR: 104.16.0.0/12
NetName: CLOUDFLARENET
NetHandle: NET-104-",No,0,1777613391,Low
104.21.55.202,Unknown,Unknown,13335.0,"Cloudflare, Inc.",104.21.0.0/17,0,0,55,36,91,0,unrated,clean,Unknown,"NetRange: 104.16.0.0 - 104.31.255.255
CIDR: 104.16.0.0/12
NetName: CLOUDFLARENET
NetHandle: NET-104-",No,0,1777614906,Low
104.21.55.203,Unknown,Unknown,13335.0,"Cloudflare, Inc.",104.21.0.0/17,0,0,56,35,91,0,unrated,clean,Unknown,"NetRange: 104.16.0.0 - 104.31.255.255
CIDR: 104.16.0.0/12
NetName: CLOUDFLARENET
NetHandle: NET-104-",No,0,1777627055,Low
104.21.55.204,Unknown,Unknown,13335.0,"Cloudflare, Inc.",104.21.0.0/17,0,0,55,36,91,0,unrated,clean,Unknown,"NetRange: 104.16.0.0 - 104.31.255.255
CIDR: 104.16.0.0/12
NetName: CLOUDFLARENET
NetHandle: NET-104-",No,0,1777625075,Low
172.67.200.101,Unknown,Unknown,13335.0,"Cloudflare, Inc.",172.67.128.0/17,0,0,55,36,91,0,unrated,clean,Unknown,"NetRange: 172.64.0.0 - 172.71.255.255
CIDR: 172.64.0.0/13
NetName: CLOUDFLARENET
NetHandle: NET-172-",No,0,1777604282,Low
172.67.200.102,Unknown,Unknown,13335.0,"Cloudflare, Inc.",172.67.128.0/17,0,1,55,35,91,0,unrated,clean,Unknown,"NetRange: 172.64.0.0 - 172.71.255.255
CIDR: 172.64.0.0/13
NetName: CLOUDFLARENET
NetHandle: NET-172-",No,0,1777630015,Low
172.67.200.103,Unknown,Unknown,13335.0,"Cloudflare, Inc.",172.67.128.0/17,0,0,55,36,91,0,unrated,clean,Unknown,"NetRange: 172.64.0.0 - 172.71.255.255
CIDR: 172.64.0.0/13
NetName: CLOUDFLARENET
NetHandle: NET-172-",No,0,1777623797,Low
172.67.200.104,Unknown,Unknown,13335.0,"Cloudflare, Inc.",172.67.128.0/17,0,0,54,37,91,0,unrated,clean,Unknown,"NetRange: 172.64.0.0 - 172.71.255.255
CIDR: 172.64.0.0/13
NetName: CLOUDFLARENET
NetHandle: NET-172-",No,0,1777604546,Low
5.34.180.100,NL,EU,21100.0,Green Floid LLC,5.34.180.0/23,0,0,0,91,91,0,unrated,unrated,RIPE NCC,"inetnum: 5.34.180.0 - 5.34.181.255
netname: ITL-DC2
remarks: Geofeed https://itldc.com/ipgeo.csv
des",No,0,1736963792,Low
5.34.180.101,NL,EU,21100.0,Green Floid LLC,5.34.180.0/23,0,0,0,91,91,0,unrated,unrated,RIPE NCC,Unknown,No,0,1747338483,Low
5.34.180.102,NL,EU,21100.0,Green Floid LLC,5.34.180.0/23,0,0,0,91,91,0,unrated,unrated,RIPE NCC,"inetnum: 5.34.180.0 - 5.34.181.255
netname: ITL-DC2
remarks: Geofeed https://itldc.com/ipgeo.csv
des",No,0,1773089943,Low
5.34.180.103,NL,EU,21100.0,Green Floid LLC,5.34.180.0/23,0,0,0,91,91,0,unrated,unrated,RIPE NCC,"inet-rtr: Example.com
local-as: As15133
ifaddr: 93.184.216.34 masklen 0
ifaddr: 192.0.2.1 masklen 0
",No,0,1697536418,Low
93.174.93.100,NL,EU,202425.0,IP Volume inc,93.174.88.0/21,0,1,55,35,91,0,unrated,clean,RIPE NCC,"inetnum: 93.174.93.0 - 93.174.93.255
netname: NET-3-93
descr: IPV NETBLOCK
country: NL
geoloc: 52.37",No,0,1772037360,Low
93.174.93.101,NL,EU,202425.0,IP Volume inc,93.174.88.0/21,0,0,54,37,91,0,unrated,clean,RIPE NCC,"inetnum: 93.174.93.0 - 93.174.93.255
netname: NET-3-93
descr: IPV NETBLOCK
country: NL
geoloc: 52.37",No,0,1776361963,Low
93.174.93.102,NL,EU,202425.0,IP Volume inc,93.174.88.0/21,0,1,57,33,91,0,clean,clean,RIPE NCC,"inetnum: 93.174.93.0 - 93.174.93.255
netname: NET-3-93
descr: IPV NETBLOCK
country: NL
geoloc: 52.37",No,0,1777471036,Low
93.174.93.103,NL,EU,202425.0,IP Volume inc,93.174.88.0/21,5,1,49,36,91,0,unrated,clean,RIPE NCC,"inetnum: 93.174.93.0 - 93.174.93.255
netname: NET-3-93
descr: IPV NETBLOCK
country: NL
geoloc: 52.37",No,0,1776197370,Medium
46.166.161.100,LT,EU,16125.0,UAB Cherry Servers,46.166.160.0/20,0,0,0,91,91,0,unrated,unrated,RIPE NCC,"NetRange: 46.0.0.0 - 46.255.255.255
CIDR: 46.0.0.0/8
NetName: 46-RIPE
NetHandle: NET-46-0-0-0-0
Pare",No,0,1713322000,Low
46.166.161.101,LT,EU,16125.0,UAB Cherry Servers,46.166.160.0/20,0,0,0,91,91,0,unrated,unrated,RIPE NCC,"NetRange: 46.0.0.0 - 46.255.255.255
CIDR: 46.0.0.0/8
NetName: 46-RIPE
NetHandle: NET-46-0-0-0-0
Pare",No,0,1586449303,Low
46.166.161.102,LT,EU,16125.0,UAB Cherry Servers,46.166.160.0/20,0,0,0,91,91,0,unrated,unrated,RIPE NCC,"inetnum: 46.166.161.0 - 46.166.161.255
netname: BALTICSERVERS-LT-DEDICATED
descr: Dedicated servers
",No,0,1777627962,Low
46.166.161.103,LT,EU,16125.0,UAB Cherry Servers,46.166.160.0/20,0,1,54,36,91,0,unrated,clean,RIPE NCC,"inetnum: 46.166.161.0 - 46.166.161.255
netname: BALTICSERVERS-LT-DEDICATED
descr: Dedicated servers
",No,0,1774756691,Low
185.56.80.100,SC,AF,Unknown,Unknown,Unknown,0,0,0,91,91,0,unrated,unrated,AFRINIC,Unknown,No,0,1713372164,Low
185.56.80.101,SC,AF,Unknown,Unknown,Unknown,1,0,54,36,91,0,unrated,clean,AFRINIC,"inetnum: 0.0.0.0 - 255.255.255.255
netname: IANA-BLK
descr: The whole IPv4 address space
country: EU",No,0,1772036076,Low
185.56.80.102,SC,AF,Unknown,Unknown,Unknown,0,0,0,91,91,0,unrated,unrated,AFRINIC,Unknown,No,0,1739213679,Low
185.56.80.103,SC,AF,Unknown,Unknown,Unknown,0,0,39,52,91,0,unrated,clean,AFRINIC,"inetnum: 0.0.0.0 - 255.255.255.255
netname: IANA-BLK
descr: The whole IPv4 address space
country: EU",No,0,1768463339,Low
51.15.100.200,NL,EU,12876.0,Scaleway SAS,51.15.0.0/16,0,0,0,91,91,0,unrated,unrated,RIPE NCC,Unknown,No,0,1770781987,Low
51.15.100.201,NL,EU,12876.0,Scaleway SAS,51.15.0.0/16,0,0,0,91,91,0,unrated,unrated,RIPE NCC,"Domain Name: scw.cloud
Registry Domain ID: D4178AD43A50F403AA05460D214760C97-NSR
Registrar WHOIS S",No,0,1662570454,Low
51.15.100.202,NL,EU,12876.0,Scaleway SAS,51.15.0.0/16,0,0,0,91,91,0,unrated,unrated,RIPE NCC,"Domain Name: scw.cloud
Registry Domain ID: D4178AD43A50F403AA05460D214760C97-NSR
Registrar WHOIS S",No,0,1634227618,Low
51.15.100.203,NL,EU,12876.0,Scaleway SAS,51.15.0.0/16,0,0,54,37,91,0,unrated,clean,RIPE NCC,"inetnum: 51.15.0.0 - 51.15.127.255
netname: SCALEWAY-AMS
descr: Scaleway - Amsterdam, Netherlands
st",No,0,1774373395,Low
163.172.100.10,FR,EU,12876.0,Scaleway SAS,163.172.0.0/16,0,0,0,91,91,0,unrated,unrated,RIPE NCC," Domain Name: AUXILIA-FR.COM
 Registry Domain ID: 119189505_DOMAIN_COM-VRSN
 Registrar WHOIS Serve",No,0,1664850203,Low
163.172.100.11,FR,EU,12876.0,Scaleway SAS,163.172.0.0/16,0,0,0,91,91,0,unrated,unrated,RIPE NCC,"inetnum: 163.172.0.0 - 163.172.255.255
status: LEGACY
mnt-routes: MNT-TISCALIFR
org: ORG-ONLI1-RIPE
",No,0,1775045516,Low
163.172.100.12,FR,EU,12876.0,Scaleway SAS,163.172.0.0/16,0,0,39,52,91,0,unrated,clean,RIPE NCC,"Domain: poneytelecom.eu
Script: LATIN
Registrant:
 NOT DISCLOSED!
 Visit www.eurid.eu for webbased W",No,0,1622656300,Low
163.172.100.13,FR,EU,12876.0,Scaleway SAS,163.172.0.0/16,0,0,55,36,91,0,clean,clean,RIPE NCC,"inetnum: 163.172.0.0 - 163.172.255.255
status: LEGACY
mnt-routes: MNT-TISCALIFR
org: ORG-ONLI1-RIPE
",No,0,1728589974,Low
212.47.230.100,FR,EU,12876.0,Scaleway SAS,212.47.224.0/19,0,0,55,36,91,0,unrated,clean,RIPE NCC,"inetnum: 212.47.224.0 - 212.47.239.255
org: ORG-ONLI1-RIPE
netname: SCALEWAY-PAR1
descr: Scaleway fr",No,0,1753976896,Low
212.47.230.101,FR,EU,12876.0,Scaleway SAS,212.47.224.0/19,0,0,0,91,91,0,unrated,unrated,RIPE NCC,"NetRange: 212.0.0.0 - 212.255.255.255
CIDR: 212.0.0.0/8
NetName: RIPE-NCC-212
NetHandle: NET-212-0-0",No,0,1663500219,Low
212.47.230.102,FR,EU,12876.0,Scaleway SAS,212.47.224.0/19,0,0,0,91,91,0,unrated,unrated,RIPE NCC,"inetnum: 212.47.224.0 - 212.47.239.255
org: ORG-ONLI1-RIPE
netname: SCALEWAY-PAR1
descr: Scaleway fr",No,0,1686503833,Low
212.47.230.103,FR,EU,12876.0,Scaleway SAS,212.47.224.0/19,0,0,0,91,91,0,unrated,unrated,RIPE NCC,"inetnum: 212.47.224.0 - 212.47.239.255
org: ORG-ONLI1-RIPE
netname: SCALEWAY-PAR1
descr: Scaleway fr",No,0,1776783784,Low
195.154.100.50,FR,EU,12876.0,Scaleway SAS,195.154.0.0/16,0,0,0,91,91,0,unrated,unrated,RIPE NCC,"inetnum: 195.154.0.0 - 195.154.127.255
org: ORG-ONLI1-RIPE
netname: SCALEWAY
descr: Scaleway
remarks",No,0,1727151247,Low
195.154.100.51,FR,EU,12876.0,Scaleway SAS,195.154.0.0/16,0,0,0,91,91,0,unrated,unrated,RIPE NCC,"inetnum: 195.154.0.0 - 195.154.127.255
org: ORG-ONLI1-RIPE
netname: SCALEWAY
descr: Scaleway
remarks",No,0,1777096120,Low
195.154.100.52,FR,EU,12876.0,Scaleway SAS,195.154.0.0/16,0,0,0,91,91,0,unrated,unrated,RIPE NCC,"NetRange: 195.0.0.0 - 195.255.255.255
CIDR: 195.0.0.0/8
NetName: RIPE-CBLK3
NetHandle: NET-195-0-0-0",No,0,1611695762,Low
195.154.100.53,FR,EU,12876.0,Scaleway SAS,195.154.0.0/16,0,0,0,91,91,0,unrated,unrated,RIPE NCC,"NetRange: 195.0.0.0 - 195.255.255.255
CIDR: 195.0.0.0/8
NetName: RIPE-CBLK3
NetHandle: NET-195-0-0-0",No,0,1607849938,Low
45.33.32.156,US,Unknown,63949.0,Akamai Connected Cloud,45.33.0.0/17,4,0,54,33,91,0,clean,clean,ARIN,"Akamai Technologies, Inc. LINODE-US (NET-45-33-0-0-1) 45.33.0.0 - 45.33.127.255
Linode LINODE (NET-4",No,0,1777626613,Medium
198.199.103.105,US,Unknown,14061.0,"DigitalOcean, LLC",198.199.64.0/18,0,0,0,91,91,0,unrated,unrated,ARIN,"NetRange: 198.199.64.0 - 198.199.127.255
CIDR: 198.199.64.0/18
NetName: DIGITALOCEAN-198-199-64-0
Ne",No,0,1777338092,Low
104.131.0.69,US,Unknown,14061.0,"DigitalOcean, LLC",104.131.0.0/16,1,0,56,34,91,0,unrated,clean,ARIN,"NetRange: 104.131.0.0 - 104.131.255.255
CIDR: 104.131.0.0/16
NetName: DIGITALOCEAN-104-131-0-0
NetHa",No,0,1777534025,Low
192.241.235.82,US,Unknown,14061.0,"DigitalOcean, LLC",192.241.128.0/17,0,0,0,91,91,0,unrated,unrated,ARIN,"NetRange: 192.241.128.0 - 192.241.255.255
CIDR: 192.241.128.0/17
NetName: DIGITALOCEAN-192-241-128-0",No,0,1713345175,Low
198.199.119.161,US,Unknown,14061.0,"DigitalOcean, LLC",198.199.64.0/18,0,0,0,91,91,0,unrated,unrated,ARIN,"NetRange: 198.199.64.0 - 198.199.127.255
CIDR: 198.199.64.0/18
NetName: DIGITALOCEAN-198-199-64-0
Ne",No,0,1611655338,Low
162.243.140.240,US,Unknown,14061.0,"DigitalOcean, LLC",162.243.128.0/19,0,0,0,91,91,0,unrated,unrated,ARIN,"No match found for edge.app.
",No,0,1734885555,Low
198.199.12.221,US,Unknown,Unknown,Unknown,Unknown,0,0,0,91,91,0,unrated,unrated,ARIN,"NetRange: 198.199.8.0 - 198.199.13.255
CIDR: 198.199.8.0/22, 198.199.12.0/23
NetName: NETBLK-V22EMD
",No,0,1639957648,Low
198.199.122.201,US,Unknown,14061.0,"DigitalOcean, LLC",198.199.64.0/18,0,1,54,36,91,0,unrated,clean,ARIN,"NetRange: 198.199.64.0 - 198.199.127.255
CIDR: 198.199.64.0/18
NetName: DIGITALOCEAN-198-199-64-0
Ne",No,0,1771286660,Low
107.170.212.44,US,Unknown,14061.0,"DigitalOcean, LLC",107.170.0.0/16,0,0,0,91,91,0,unrated,unrated,ARIN,"NetHandle: NET-107-170-0-0-1
NetType: Direct Allocation
Organization: DigitalOcean, LLC (DO-13)
Upda",No,0,1545832941,Low
192.241.221.25,US,Unknown,14061.0,"DigitalOcean, LLC",192.241.128.0/17,0,0,0,91,91,0,unrated,unrated,ARIN,"NetRange: 192.241.128.0 - 192.241.255.255
CIDR: 192.241.128.0/17
NetName: DIGITALOCEAN-192-241-128-0",No,0,1713297130,Low
162.243.168.100,US,Unknown,14061.0,"DigitalOcean, LLC",162.243.160.0/20,0,0,56,35,91,0,clean,clean,ARIN,"NetRange: 162.243.0.0 - 162.243.255.255
CIDR: 162.243.0.0/16
NetName: DIGITALOCEAN-162-243-0-0
NetHa",No,0,1775457801,Low
104.236.100.10,US,Unknown,14061.0,"DigitalOcean, LLC",104.236.0.0/16,0,0,0,91,91,0,unrated,unrated,ARIN,"NetRange: 104.236.0.0 - 104.236.255.255
CIDR: 104.236.0.0/16
NetName: DIGITALOCEAN-104-236-0-0
NetHa",No,0,1775625419,Low
178.62.100.200,GB,EU,14061.0,"DigitalOcean, LLC",178.62.0.0/16,0,0,0,91,91,0,unrated,unrated,RIPE NCC,"inetnum: 178.62.0.0 - 178.62.127.255
netname: DIGITALOCEAN-LON-1
descr: DigitalOcean London
country:",No,0,1770192171,Low
159.203.100.50,US,Unknown,14061.0,"DigitalOcean, LLC",159.203.0.0/16,0,0,0,91,91,0,unrated,unrated,ARIN,"NetRange: 159.203.0.0 - 159.203.255.255
CIDR: 159.203.0.0/16
NetName: DIGITALOCEAN-159-203-0-0
NetHa",No,0,1777090508,Low
138.197.100.75,US,Unknown,14061.0,"DigitalOcean, LLC",138.197.0.0/17,0,0,0,91,91,0,unrated,unrated,ARIN,"NetRange: 138.197.0.0 - 138.197.255.255
CIDR: 138.197.0.0/16
NetName: DIGITALOCEAN-138-197-0-0
NetHa",No,0,1776565386,Low
206.189.100.25,NL,EU,14061.0,"DigitalOcean, LLC",206.189.0.0/16,0,1,55,35,91,0,unrated,clean,RIPE NCC,"inetnum: 206.168.80.0 - 206.190.219.255
netname: NON-RIPE-NCC-MANAGED-ADDRESS-BLOCK
descr: IPv4 addr",No,0,1770914012,Low
148.251.100.50,DE,EU,24940.0,Hetzner Online GmbH,148.251.0.0/16,0,0,0,91,91,0,unrated,unrated,RIPE NCC,"NetRange: 148.251.0.0 - 148.253.255.255
CIDR: 148.251.0.0/16, 148.252.0.0/15
NetName: RIPE-ERX-148-2",No,0,1589568192,Low
148.251.100.51,DE,EU,24940.0,Hetzner Online GmbH,148.251.0.0/16,0,0,0,91,91,0,unrated,unrated,RIPE NCC,"inetnum: 148.251.100.48 - 148.251.100.55
netname: HOS-132798
descr: HOS-132798
country: DE
admin-c: ",No,0,1777148469,Low
148.251.100.52,DE,EU,24940.0,Hetzner Online GmbH,148.251.0.0/16,0,0,0,91,91,0,unrated,unrated,RIPE NCC,"domain: 148.in-addr.arpa
organisation: Administered by ARIN
nserver: ARIN.AUTHDNS.RIPE.NET.
nserver:",No,0,1756972690,Low
148.251.100.53,DE,EU,24940.0,Hetzner Online GmbH,148.251.0.0/16,0,0,0,91,91,0,unrated,unrated,RIPE NCC,"domain: 148.in-addr.arpa
organisation: Administered by ARIN
nserver: ARIN.AUTHDNS.RIPE.NET.
nserver:",No,0,1621234302,Low
78.46.100.200,DE,EU,24940.0,Hetzner Online GmbH,78.46.0.0/15,0,0,0,91,91,0,unrated,unrated,RIPE NCC,"inetnum: 78.46.100.0 - 78.46.103.255
netname: HETZNER-RZ-NBG-NET
descr: Hetzner Online AG
descr: Dat",No,0,1756878188,Low
78.46.100.201,DE,EU,24940.0,Hetzner Online GmbH,78.46.0.0/15,2,0,55,34,91,0,unrated,clean,RIPE NCC,"inetnum: 78.46.100.0 - 78.46.103.255
netname: HETZNER-RZ-NBG-NET
descr: Hetzner Online AG
descr: Dat",No,0,1770132058,Low
78.46.100.202,DE,EU,24940.0,Hetzner Online GmbH,78.46.0.0/15,0,0,0,91,91,0,unrated,unrated,RIPE NCC,"inetnum: 78.46.100.0 - 78.46.103.255
netname: HETZNER-RZ-NBG-NET
descr: Hetzner Online AG
descr: Dat",No,0,1713081549,Low
78.46.100.203,DE,EU,24940.0,Hetzner Online GmbH,78.46.0.0/15,0,0,0,91,91,0,unrated,unrated,RIPE NCC,"Domain: your-server.de
Nserver: ns1.your-server.de 2a01:4f8:d0a:2006:0:0:0:2 213.133.106.251
Nserver",No,0,1750103284,Low
136.243.100.10,DE,EU,24940.0,Hetzner Online GmbH,136.243.0.0/16,0,0,0,91,91,0,unrated,unrated,RIPE NCC,Unknown,No,0,1777631179,Low
136.243.100.11,DE,EU,24940.0,Hetzner Online GmbH,136.243.0.0/16,0,0,0,91,91,0,unrated,unrated,RIPE NCC,Unknown,No,0,1777631195,Low
136.243.100.12,DE,EU,24940.0,Hetzner Online GmbH,136.243.0.0/16,0,0,0,91,91,0,unrated,unrated,RIPE NCC,Unknown,No,0,1777631212,Low
136.243.100.13,DE,EU,24940.0,Hetzner Online GmbH,136.243.0.0/16,0,0,0,91,91,0,unrated,unrated,RIPE NCC,Unknown,No,0,1777631229,Low
5.9.100.200,DE,EU,24940.0,Hetzner Online GmbH,5.9.0.0/16,0,0,0,91,91,0,unrated,unrated,RIPE NCC,"NetRange: 5.0.0.0 - 5.255.255.255
CIDR: 5.0.0.0/8
NetName: RIPE-5
NetHandle: NET-5-0-0-0-1
Parent: (",No,0,1614095007,Low
5.9.100.201,DE,EU,24940.0,Hetzner Online GmbH,5.9.0.0/16,0,0,0,91,91,0,unrated,unrated,RIPE NCC,Unknown,No,0,1615288325,Low
5.9.100.202,DE,EU,24940.0,Hetzner Online GmbH,5.9.0.0/16,0,0,0,91,91,0,unrated,unrated,RIPE NCC,"Domain: your-server.de
Nserver: ns.second-ns.com
Nserver: ns1.your-server.de 213.133.106.251 2a01:4f",No,0,1616488595,Low
5.9.100.203,DE,EU,24940.0,Hetzner Online GmbH,5.9.0.0/16,0,0,0,91,91,0,unrated,unrated,RIPE NCC,"Domain: your-server.de
Nserver: ns1.your-server.de 2a01:4f8:d0a:2006:0:0:0:2 213.133.106.251
Nserver",No,0,1722932712,Low
89.248.167.131,NL,EU,202425.0,IP Volume inc,89.248.160.0/21,21,0,40,30,91,-85,unrated,malware,RIPE NCC,"inetnum: 89.248.167.0 - 89.248.167.255
netname: NET-2-167
descr: IPV NETBLOCK
country: NL
geoloc: 52",No,0,1777630114,High
89.248.167.132,NL,EU,202425.0,IP Volume inc,89.248.160.0/21,3,2,51,35,91,-1,unrated,malware,RIPE NCC,"inetnum: 89.248.167.0 - 89.248.167.255
netname: NET-2-167
descr: IPV NETBLOCK
country: NL
geoloc: 52",No,0,1774210422,Low
89.248.167.133,NL,EU,202425.0,IP Volume inc,89.248.160.0/21,2,1,55,33,91,-1,unrated,clean,RIPE NCC,"inetnum: 89.248.167.0 - 89.248.167.255
netname: NET-2-167
descr: IPV NETBLOCK
country: NL
geoloc: 52",No,0,1775951900,Low
89.248.167.134,NL,EU,202425.0,IP Volume inc,89.248.160.0/21,0,0,0,91,91,0,unrated,unrated,RIPE NCC,Unknown,No,0,1713377707,Low
82.221.105.6,IS,EU,50613.0,Advania Island ehf,82.221.96.0/19,1,0,57,33,91,-4,unrated,clean,RIPE NCC,"inetnum: 82.221.105.0 - 82.221.105.255
netname: IS-ICENETWORKS
country: IS
org: ORG-IL351-RIPE
admin",No,0,1777534025,Low
82.221.105.7,IS,EU,50613.0,Advania Island ehf,82.221.96.0/19,4,2,51,34,91,-6,unrated,clean,RIPE NCC,"inetnum: 82.221.105.0 - 82.221.105.255
netname: IS-ICENETWORKS
country: IS
org: ORG-IL351-RIPE
admin",No,0,1777600641,Medium
82.221.105.8,IS,EU,50613.0,Advania Island ehf,82.221.96.0/19,0,0,0,91,91,0,unrated,unrated,RIPE NCC,"
",No,0,1650790846,Low
82.221.105.9,IS,EU,50613.0,Advania Island ehf,82.221.96.0/19,0,0,0,91,91,0,unrated,unrated,RIPE NCC,"inetnum: 82.221.105.0 - 82.221.105.255
netname: IS-ICENETWORKS
country: IS
org: ORG-IL351-RIPE
admin",No,0,1641552130,Low
193.169.255.100,PL,EU,Unknown,Unknown,Unknown,0,0,0,91,91,0,unrated,unrated,RIPE NCC,"NetRange: 193.0.0.0 - 193.255.255.255
CIDR: 193.0.0.0/8
NetName: RIPE-CBLK
NetHandle: NET-193-0-0-0-",No,0,1713360280,Low
193.169.255.101,PL,EU,Unknown,Unknown,Unknown,0,0,0,91,91,0,unrated,unrated,RIPE NCC,"NetRange: 193.0.0.0 - 193.255.255.255
CIDR: 193.0.0.0/8
NetName: RIPE-CBLK
NetHandle: NET-193-0-0-0-",No,0,1713346790,Low
193.169.255.102,PL,EU,Unknown,Unknown,Unknown,0,0,0,91,91,0,unrated,unrated,RIPE NCC,"inetnum: 193.169.252.0 - 193.169.255.255
netname: PL-SPRINT-20180508
country: PL
org: ORG-Szo5-RIPE
",Yes,0,1729948776,Low
193.169.255.103,PL,EU,Unknown,Unknown,Unknown,0,0,0,91,91,0,unrated,unrated,RIPE NCC,"NetRange: 193.0.0.0 - 193.255.255.255
CIDR: 193.0.0.0/8
NetName: RIPE-CBLK
NetHandle: NET-193-0-0-0-",No,0,1713299726,Low
62.210.100.50,FR,EU,12876.0,Scaleway SAS,62.210.0.0/16,0,0,0,91,91,0,unrated,unrated,RIPE NCC,"inetnum: 62.210.0.0 - 62.210.127.255
org: ORG-ONLI1-RIPE
netname: SCALEWAY-DEDIBOX
descr: Scaleway D",No,0,1776251541,Low
62.210.100.51,FR,EU,12876.0,Scaleway SAS,62.210.0.0/16,0,0,56,35,91,0,unrated,clean,RIPE NCC,"inetnum: 62.210.0.0 - 62.210.127.255
org: ORG-ONLI1-RIPE
netname: SCALEWAY-DEDIBOX
descr: Scaleway D",No,0,1776291791,Low
62.210.100.52,FR,EU,12876.0,Scaleway SAS,62.210.0.0/16,0,0,0,91,91,0,unrated,unrated,RIPE NCC,"inetnum: 62.210.0.0 - 62.210.127.255
org: ORG-ONLI1-RIPE
netname: SCALEWAY-DEDIBOX
descr: Scaleway D",No,0,1775776225,Low
62.210.100.53,FR,EU,12876.0,Scaleway SAS,62.210.0.0/16,0,0,0,91,91,0,unrated,unrated,RIPE NCC,"inetnum: 62.210.0.0 - 62.210.127.255
org: ORG-ONLI1-RIPE
netname: SCALEWAY-DEDIBOX
descr: Scaleway D",No,0,1775964203,Low
45.95.168.100,HR,EU,211619.0,MAXKO d.o.o.,45.95.168.0/23,3,0,54,34,91,0,unrated,clean,RIPE NCC,"inetnum: 45.95.168.0 - 45.95.168.255
org: ORG-MJ181-RIPE
netname: MAXKO
country: HR
admin-c: DF8797-",No,0,1777309387,Low
45.95.168.101,HR,EU,211619.0,MAXKO d.o.o.,45.95.168.0/23,0,0,0,91,91,0,unrated,unrated,RIPE NCC,"inetnum: 45.95.168.0 - 45.95.168.255
org: ORG-MJ181-RIPE
abuse-c: AR53781-RIPE
netname: MAXKO
countr",No,0,1713322814,Low
45.95.168.102,HR,EU,211619.0,MAXKO d.o.o.,45.95.168.0/23,8,1,45,37,91,0,unrated,malware,RIPE NCC,"inetnum: 45.95.168.0 - 45.95.168.255
org: ORG-MJ181-RIPE
netname: MAXKO
country: HR
admin-c: DF8797-",No,0,1774660687,Medium
45.95.168.103,HR,EU,211619.0,MAXKO d.o.o.,45.95.168.0/23,7,0,48,36,91,0,unrated,clean,RIPE NCC,"inetnum: 45.95.168.0 - 45.95.168.255
org: ORG-MJ181-RIPE
netname: MAXKO
country: HR
admin-c: DF8797-",No,0,1776197312,Medium
185.106.94.100,VG,Unknown,204339.0,First Server Limited,185.106.94.0/24,0,0,0,91,91,0,unrated,unrated,ARIN,Unknown,No,0,1683215589,Low
185.106.94.101,VG,Unknown,204339.0,First Server Limited,185.106.94.0/24,0,0,0,91,91,0,unrated,unrated,ARIN,"inetnum: 185.106.94.0 - 185.106.94.255
netname: Aeza-Network
country: AT
org: ORG-AGL38-RIPE
geofeed",No,0,1704972413,Low
185.106.94.102,VG,Unknown,204339.0,First Server Limited,185.106.94.0/24,0,1,54,36,91,0,unrated,clean,ARIN,"inetnum: 185.106.94.0 - 185.106.94.255
org: ORG-FA790-RIPE
geofeed: https://geofeed.first-server.net",No,0,1774742287,Low
185.106.94.103,VG,Unknown,204339.0,First Server Limited,185.106.94.0/24,0,0,0,91,91,0,unrated,unrated,ARIN,Unknown,No,0,1753287544,Low
46.249.32.100,NL,EU,50673.0,Serverius Holding B.V.,46.249.32.0/19,0,0,58,33,91,0,unrated,clean,RIPE NCC,"inetnum: 46.249.32.0 - 46.249.32.255
netname: SERVERIUSCUSTOMER
descr: Customer IP range
remarks: Pl",No,0,1714389707,Low
46.249.32.101,NL,EU,50673.0,Serverius Holding B.V.,46.249.32.0/19,0,0,0,91,91,0,unrated,unrated,RIPE NCC,Unknown,No,0,1665316916,Low
46.249.32.102,NL,EU,50673.0,Serverius Holding B.V.,46.249.32.0/19,9,0,45,37,91,-4,unrated,clean,RIPE NCC,"inetnum: 46.249.32.0 - 46.249.32.255
netname: SERVERIUSCUSTOMER
descr: Customer IP range
remarks: Pl",No,0,1774749518,Medium
46.249.32.103,NL,EU,50673.0,Serverius Holding B.V.,46.249.32.0/19,0,0,54,37,91,0,unrated,clean,RIPE NCC,"inetnum: 46.249.32.0 - 46.249.32.255
netname: SERVERIUSCUSTOMER
descr: Customer IP range
remarks: Pl",No,0,1747735403,Low
185.234.218.100,TR,AS,Unknown,Unknown,Unknown,0,0,57,34,91,0,unrated,clean,RIPE NCC,"inetnum: 185.234.218.0 - 185.234.218.255
netname: NL-3WINFRA-NET-20211123
country: NL
org: ORG-IB162",No,0,1716990709,Low
185.234.218.101,TR,AS,Unknown,Unknown,Unknown,0,0,1,90,91,0,unrated,unrated,RIPE NCC,"inetnum: 185.234.218.0 - 185.234.218.255
netname: NL-3WINFRA-NET-20211123
country: NL
org: ORG-IB162",No,0,1747712092,Low
185.234.218.102,TR,AS,Unknown,Unknown,Unknown,0,0,57,34,91,0,unrated,clean,RIPE NCC,"inetnum: 185.234.218.0 - 185.234.218.255
netname: NL-3WINFRA-NET-20211123
country: NL
org: ORG-IB162",No,0,1690069231,Low
185.234.218.103,TR,AS,Unknown,Unknown,Unknown,0,0,55,36,91,0,unrated,clean,RIPE NCC,"inetnum: 185.234.218.0 - 185.234.218.255
netname: NL-3WINFRA-NET-20211123
country: NL
org: ORG-IB162",No,0,1690069413,Low
222.186.30.100,CN,AS,4134.0,Chinanet,222.186.0.0/15,0,0,0,91,91,0,unrated,unrated,APNIC,Unknown,No,0,1713334607,Low
222.186.30.101,CN,AS,4134.0,Chinanet,222.186.0.0/15,0,0,0,91,91,0,unrated,unrated,APNIC,"inetnum: 222.184.0.0 - 222.191.255.255
netname: CHINANET-JS
descr: CHINANET jiangsu province network",No,0,1775936222,Low
222.186.30.102,CN,AS,4134.0,Chinanet,222.186.0.0/15,0,0,0,91,91,0,unrated,unrated,APNIC,"inetnum: 222.184.0.0 - 222.191.255.255
netname: CHINANET-JS
descr: CHINANET jiangsu province network",No,0,1728615392,Low
222.186.30.103,CN,AS,4134.0,Chinanet,222.186.0.0/15,0,0,0,91,91,0,unrated,unrated,APNIC,"inetnum: 222.184.0.0 - 222.191.255.255
netname: CHINANET-JS
descr: CHINANET jiangsu province network",No,0,1746273772,Low
218.92.0.100,CN,AS,4134.0,Chinanet,218.92.0.0/16,3,1,53,34,91,0,clean,clean,APNIC,"inetnum: 218.90.0.0 - 218.94.255.255
netname: CHINANET-JS
descr: CHINANET jiangsu province network
d",No,0,1776565662,Low
218.92.0.101,CN,AS,4134.0,Chinanet,218.92.0.0/16,1,0,54,36,91,0,unrated,clean,APNIC,"inetnum: 218.90.0.0 - 218.94.255.255
netname: CHINANET-JS
descr: CHINANET jiangsu province network
d",No,0,1775840660,Low
218.92.0.102,CN,AS,4134.0,Chinanet,218.92.0.0/16,0,1,54,36,91,0,unrated,clean,APNIC,"inetnum: 218.90.0.0 - 218.94.255.255
netname: CHINANET-JS
descr: CHINANET jiangsu province network
d",No,0,1776517989,Low
218.92.0.103,CN,AS,4134.0,Chinanet,218.92.0.0/16,5,1,51,34,91,-1,unrated,clean,APNIC,"inetnum: 218.90.0.0 - 218.94.255.255
netname: CHINANET-JS
descr: CHINANET jiangsu province network
d",No,0,1777421089,Medium
61.177.173.100,CN,AS,4134.0,Chinanet,61.177.128.0/17,0,0,0,91,91,0,unrated,unrated,APNIC,"NetRange: 61.0.0.0 - 61.255.255.255
CIDR: 61.0.0.0/8
NetName: APNIC3
NetHandle: NET-61-0-0-0-1
Paren",No,0,1710513506,Low
61.177.173.101,CN,AS,4134.0,Chinanet,61.177.128.0/17,0,0,0,91,91,0,unrated,unrated,APNIC,Unknown,No,0,1713327128,Low
61.177.173.102,CN,AS,4134.0,Chinanet,61.177.128.0/17,0,0,0,91,91,0,unrated,unrated,APNIC,"NetRange: 61.0.0.0 - 61.255.255.255
CIDR: 61.0.0.0/8
NetName: APNIC3
NetHandle: NET-61-0-0-0-1
Paren",No,0,1710510503,Low
61.177.173.103,CN,AS,4134.0,Chinanet,61.177.128.0/17,0,0,0,91,91,0,unrated,unrated,APNIC,"NetRange: 61.0.0.0 - 61.255.255.255
CIDR: 61.0.0.0/8
NetName: APNIC3
NetHandle: NET-61-0-0-0-1
Paren",No,0,1713226181,Low
185.176.100.50,IE,EU,206746.0,Scc Broadband Limited,185.176.100.0/22,0,0,0,91,91,0,unrated,unrated,RIPE NCC," 
",No,0,1619454451,Low
185.176.100.51,IE,EU,206746.0,Scc Broadband Limited,185.176.100.0/22,0,0,0,91,91,0,unrated,unrated,RIPE NCC,Unknown,No,0,1777632081,Low
185.176.100.52,IE,EU,206746.0,Scc Broadband Limited,185.176.100.0/22,0,0,0,91,91,0,unrated,unrated,RIPE NCC,Unknown,No,0,1777632097,Low
185.176.100.53,IE,EU,206746.0,Scc Broadband Limited,185.176.100.0/22,0,0,0,91,91,0,unrated,unrated,RIPE NCC,Unknown,No,0,1777632114,Low
45.142.122.100,VG,Unknown,205090.0,First Server Limited,45.142.122.0/24,0,1,53,37,91,0,unrated,clean,ARIN,"NetRange: 45.139.136.0 - 45.150.51.255
CIDR: 45.139.192.0/18, 45.150.48.0/22, 45.139.144.0/20, 45.15",No,0,1776364171,Low
45.142.122.101,VG,Unknown,205090.0,First Server Limited,45.142.122.0/24,0,0,0,91,91,0,unrated,unrated,ARIN,Unknown,No,0,1718807860,Low
45.142.122.102,VG,Unknown,205090.0,First Server Limited,45.142.122.0/24,1,0,54,36,91,0,unrated,clean,ARIN,"NetRange: 45.139.136.0 - 45.150.51.255
CIDR: 45.148.0.0/15, 45.139.160.0/19, 45.140.0.0/14, 45.144.0",No,0,1775779480,Low
45.142.122.103,VG,Unknown,205090.0,First Server Limited,45.142.122.0/24,0,0,0,91,91,0,unrated,unrated,ARIN,"inetnum: 45.142.122.0 - 45.142.122.255
netname: aeza-net-1
country: RU
org: ORG-AGL42-RIPE
admin-c: ",No,0,1731381902,Low
194.40.243.100,UA,EU,48693.0,Rices Privately owned enterprise,194.40.243.0/24,1,0,53,37,91,0,unrated,clean,RIPE NCC,"inetnum: 194.40.243.0 - 194.40.243.255
netname: Ntup
country: NL
admin-c: NA7006-RIPE
tech-c: NA7006",No,0,1772750920,Low
194.40.243.101,UA,EU,48693.0,Rices Privately owned enterprise,194.40.243.0/24,0,0,54,37,91,0,unrated,clean,RIPE NCC,"inetnum: 194.40.243.0 - 194.40.243.255
netname: Ntup
country: NL
admin-c: NA7006-RIPE
tech-c: NA7006",No,0,1746597431,Low
194.40.243.102,UA,EU,48693.0,Rices Privately owned enterprise,194.40.243.0/24,0,0,0,91,91,0,unrated,unrated,RIPE NCC,Unknown,No,0,1575028051,Low
194.40.243.103,UA,EU,48693.0,Rices Privately owned enterprise,194.40.243.0/24,0,0,0,91,91,0,unrated,unrated,RIPE NCC,Unknown,No,0,1777632250,Low
